<?xml version="1.0" encoding="utf-8"?>
<RadDiagram Type="Telerik.Windows.Diagrams.Core.IGraphInternal" Version="2012.2">
	<Metadata Id="04ca8e75-89fd-461d-af41-f993856d5cc1" >
		<Title><![CDATA[Diagram [9/02/2012 9:13:35]]]></Title>
		<Description><![CDATA[]]></Description>
	</Metadata>
	<Groups />
	<Shapes QNs="Telerik.Windows.Controls.Diagrams, Version=2012.2.521.1050, Culture=neutral, PublicKeyToken=5803cfa389c90ce7;">
		<RadDiagramShape Type="Telerik.Windows.Controls.RadDiagramShape" Id="9ce580b4-cda5-4e9f-a7ca-dc4a18a55406" ZIndex="1" Position="330;78" Stroke="#00FFFFFF" StrokeThickness="1" StrokeDashArray="1 0 " Background="#FF8BC03F" Size="100;100" RotationAngle="0" Content="START-UP" Foreground="#FFFFFFFF" BorderBrush="#FF8BC03F" Thickness="0;0;0;0" FontSize="12" FontWeight="7" FontFamily="Segoe UI" Connectors="Auto:0.5;0.5,Left:0;0.5,Top:0.5;0,Right:1;0.5,Bottom:0.5;1," Geometry="M111.5,37.5C111.5,57.91 86.67,74.5 56,74.5C25.33,74.5 0.5,57.91 0.5,37.5C0.5,17.09 25.33,0.5 56,0.5C86.67,0.5 111.5,17.09 111.5,37.5z" QN="0" />
		<RadDiagramShape Type="Telerik.Windows.Controls.RadDiagramShape" Id="cc1fb0a1-480d-40c5-839b-d8dcf90103dc" ZIndex="1" Position="185;188" Stroke="#FFAB8D00" StrokeThickness="1" StrokeDashArray="1 0 " Background="#FFF1C700" Size="100;100" RotationAngle="0" Content="TRANSITION" Foreground="#FFFFFFFF" BorderBrush="#FFAB8D00" Thickness="0;0;0;0" FontSize="12" FontWeight="7" FontFamily="Segoe UI" Connectors="Auto:0.5;0.5,Left:0;0.5,Top:0.5;0,Right:1;0.5,Bottom:0.5;1," Geometry="M111.5,37.5C111.5,57.91 86.67,74.5 56,74.5C25.33,74.5 0.5,57.91 0.5,37.5C0.5,17.09 25.33,0.5 56,0.5C86.67,0.5 111.5,17.09 111.5,37.5z" QN="0" />
		<RadDiagramShape Type="Telerik.Windows.Controls.RadDiagramShape" Id="71437d0c-3fa0-408f-bef5-d45f88fe2a0d" ZIndex="1" Position="475;188" Stroke="#00FFFFFF" StrokeThickness="1" StrokeDashArray="1 0 " Background="#FF319B47" Size="100;100" RotationAngle="0" Content="GROWTH" Foreground="#FFFFFFFF" BorderBrush="#FF319B47" Thickness="0;0;0;0" FontSize="12" FontWeight="7" FontFamily="Segoe UI" Connectors="Auto:0.5;0.5,Left:0;0.5,Top:0.5;0,Right:1;0.5,Bottom:0.5;1," Geometry="M111.5,37.5C111.5,57.91 86.67,74.5 56,74.5C25.33,74.5 0.5,57.91 0.5,37.5C0.5,17.09 25.33,0.5 56,0.5C86.67,0.5 111.5,17.09 111.5,37.5z" QN="0" />
		<RadDiagramShape Type="Telerik.Windows.Controls.RadDiagramShape" Id="be5fe817-e6fa-40a4-8465-dc1c1f555be5" ZIndex="1" Position="415;350" Stroke="#00FFFFFF" StrokeThickness="1" StrokeDashArray="1 0 " Background="#FF15ACA9" Size="100;100" RotationAngle="0" Content="EXPANSION" Foreground="#FFFFFFFF" BorderBrush="#FF15ACA9" Thickness="0;0;0;0" FontSize="12" FontWeight="7" FontFamily="Segoe UI" Connectors="Auto:0.5;0.5,Left:0;0.5,Top:0.5;0,Right:1;0.5,Bottom:0.5;1," Geometry="M111.5,37.5C111.5,57.91 86.67,74.5 56,74.5C25.33,74.5 0.5,57.91 0.5,37.5C0.5,17.09 25.33,0.5 56,0.5C86.67,0.5 111.5,17.09 111.5,37.5z" QN="0" />
		<RadDiagramShape Type="Telerik.Windows.Controls.RadDiagramShape" Id="3f390b03-8a32-4df6-b7d1-c996cf7c4f5a" ZIndex="1" Position="245;350" Stroke="#00FFFFFF" StrokeThickness="1" StrokeDashArray="1 0 " Background="#FF456BE2" Size="100;100" RotationAngle="0" Content="MATURITY" Foreground="#FFFFFFFF" BorderBrush="#FF456BE2" Thickness="0;0;0;0" FontSize="12" FontWeight="7" FontFamily="Arial" Connectors="Auto:0.5;0.5,Left:0;0.5,Top:0.5;0,Right:1;0.5,Bottom:0.5;1," Geometry="M111.5,37.5C111.5,57.91 86.67,74.5 56,74.5C25.33,74.5 0.5,57.91 0.5,37.5C0.5,17.09 25.33,0.5 56,0.5C86.67,0.5 111.5,17.09 111.5,37.5z" QN="0" />
		<RadDiagramShape Type="Telerik.Windows.Controls.RadDiagramShape" Id="2407ede0-4840-42c4-be49-19a90599771a" ZIndex="1" Position="275;158" Stroke="#FFAB8D00" StrokeThickness="1" StrokeDashArray="1 0 " Background="#FFF1C700" Size="57;30" RotationAngle="140" Foreground="#FF333333" BorderBrush="#FFAB8D00" Thickness="0;0;0;0" FontSize="12" FontWeight="7" FontFamily="Segoe UI" Connectors="Auto:0.5;0.5,Left:0;0.5,Top:0.5;0,Right:1;0.5,Bottom:0.5;1," Geometry="M25,0.5L25,10.5L111.5,10.5L111.5,30.5L25,30.5L25,39.5L0.5,20.5z" QN="0" />
		<RadDiagramShape Type="Telerik.Windows.Controls.RadDiagramShape" Id="25f6f5ce-b8ac-4107-a027-8bde230eb51a" ZIndex="0" Position="335;230" Stroke="#00FFFFFF" StrokeThickness="1" StrokeDashArray="1 0 " Background="#FFFFFFFF" Size="95;80" RotationAngle="0" Content="BUSINESS LIFECYCLE DIAGRAM" Foreground="#FF7F7F7F" BorderBrush="#00000000" Thickness="0;0;0;0" FontSize="12" FontWeight="7" FontFamily="Segoe UI" Connectors="Auto:0.5;0.5,Left:0;0.5,Top:0.5;0,Right:1;0.5,Bottom:0.5;1," Geometry="M0.5,0.5L111.5,0.5L111.5,74.5L0.5,74.5z" QN="0" />
		<RadDiagramShape Type="Telerik.Windows.Controls.RadDiagramShape" Id="bda4a2f2-78f5-491c-a457-f223c980c05b" ZIndex="1" Position="435;158" Stroke="#00FFFFFF" StrokeThickness="1" StrokeDashArray="1 0 " Background="#FF8BC03F" Size="57;30" RotationAngle="222" Foreground="#FF333333" BorderBrush="#FF8BC03F" Thickness="0;0;0;0" FontSize="12" FontWeight="7" FontFamily="Segoe UI" Connectors="Auto:0.5;0.5,Left:0;0.5,Top:0.5;0,Right:1;0.5,Bottom:0.5;1," Geometry="M25,0.5L25,10.5L111.5,10.5L111.5,30.5L25,30.5L25,39.5L0.5,20.5z" QN="0" />
		<RadDiagramShape Type="Telerik.Windows.Controls.RadDiagramShape" Id="6e3e9fa3-e44b-4ab1-b99a-833a78935455" ZIndex="1" Position="470;305" Stroke="#00FFFFFF" StrokeThickness="1" StrokeDashArray="1 0 " Background="#FF319B47" Size="57;30" RotationAngle="295" Foreground="#FF333333" BorderBrush="#FF319B47" Thickness="0;0;0;0" FontSize="12" FontWeight="7" FontFamily="Segoe UI" Connectors="Auto:0.5;0.5,Left:0;0.5,Top:0.5;0,Right:1;0.5,Bottom:0.5;1," Geometry="M25,0.5L25,10.5L111.5,10.5L111.5,30.5L25,30.5L25,39.5L0.5,20.5z" QN="0" />
		<RadDiagramShape Type="Telerik.Windows.Controls.RadDiagramShape" Id="7a34aec4-f819-4ec9-876f-2bb3cedae857" ZIndex="1" Position="235;303" Stroke="#00FFFFFF" StrokeThickness="1" StrokeDashArray="1 0 " Background="#FF456BE2" Size="57;30" RotationAngle="62" Foreground="#FF333333" BorderBrush="#FF456BE2" Thickness="0;0;0;0" FontSize="12" FontWeight="7" FontFamily="Segoe UI" Connectors="Auto:0.5;0.5,Left:0;0.5,Top:0.5;0,Right:1;0.5,Bottom:0.5;1," Geometry="M25,0.5L25,10.5L111.5,10.5L111.5,30.5L25,30.5L25,39.5L0.5,20.5z" QN="0" />
		<RadDiagramShape Type="Telerik.Windows.Controls.RadDiagramShape" Id="4044a9d8-3604-491a-bbd6-4c6ee420fd45" ZIndex="1" Position="350;388" Stroke="#00FFFFFF" StrokeThickness="1" StrokeDashArray="1 0 " Background="#FF15ACA9" Size="57;30" RotationAngle="0" Foreground="#FF333333" BorderBrush="#FF15ACA9" Thickness="0;0;0;0" FontSize="12" FontWeight="7" FontFamily="Segoe UI" Connectors="Auto:0.5;0.5,Left:0;0.5,Top:0.5;0,Right:1;0.5,Bottom:0.5;1," Geometry="M25,0.5L25,10.5L111.5,10.5L111.5,30.5L25,30.5L25,39.5L0.5,20.5z" QN="0" />
	</Shapes>
	<Connections />
</RadDiagram>