<?xml version="1.0" encoding="utf-8"?>
<RadDiagram Type="Telerik.Windows.Diagrams.Core.IGraphInternal" Version="2012.2">
  <Metadata Id="04ca8e75-89fd-461d-af41-f993856d5cc1">
    <Title><![CDATA[Diagram [9/02/2012 9:13:35]]]></Title>
    <Description><![CDATA[]]></Description>
  </Metadata>
  <Groups>
    <Group Type="" Name="Copy 0 of Copy 3 of Copy 1 of Group 16" />
    <Group Type="" Name="Copy 0 of Copy 3 of Copy 1 of Group 4" />
    <Group Type="" Name="Copy 0 of Copy 3 of Copy 1 of Group 14" />
    <Group Type="" Name="Copy 0 of Group 11" />
    <Group Type="" Name="Copy 0 of Group 7" />
    <Group Type="" Name="Copy 0 of Copy 3 of Copy 1 of Group 1" ParentGroup="Copy 0 of Group 9" />
    <Group Type="" Name="Copy 0 of Copy 3 of Copy 1 of Group 2" ParentGroup="Copy 0 of Group 9" />
    <Group Type="" Name="Copy 0 of Copy 3 of Copy 1 of Copy of Group 2" ParentGroup="Copy 0 of Group 9" />
    <Group Type="" Name="Copy 0 of Copy 3 of Copy 1 of Copy of Copy of Group 2" ParentGroup="Copy 0 of Group 9" />
    <Group Type="" Name="Copy 0 of Copy 3 of Copy 1 of Copy of Copy of Copy of Group 2" ParentGroup="Copy 0 of Group 9" />
    <Group Type="" Name="Copy 0 of Copy 3 of Copy 1 of Copy of Copy of Copy of Copy of Group 2" ParentGroup="Copy 0 of Group 9" />
    <Group Type="" Name="Copy 0 of Copy 3 of Copy 1 of Copy of Copy of Copy of Copy of Copy of Group 2" ParentGroup="Copy 0 of Group 9" />
    <Group Type="" Name="Copy 0 of Copy 3 of Copy 1 of Copy of Copy of Copy of Copy of Copy of Copy of Group 2" ParentGroup="Copy 0 of Group 9" />
    <Group Type="" Name="Copy 0 of Copy 3 of Copy 1 of Group 23" ParentGroup="Copy 0 of Group 12" />
    <Group Type="" Name="Copy 0 of Copy 3 of Group 2" />
    <Group Type="" Name="Copy 0 of Group 10" />
    <Group Type="" Name="Copy 0 of Copy 3 of Copy 1 of Group 15" />
    <Group Type="" Name="Copy 0 of Copy 3 of Copy 1 of Copy of Group 15" />
    <Group Type="" Name="Copy 0 of Copy 3 of Copy 1 of Group 19" ParentGroup="Copy 0 of Group 12" />
    <Group Type="" Name="Copy 0 of Copy 3 of Copy 1 of Group 20" ParentGroup="Copy 0 of Group 12" />
    <Group Type="" Name="Copy 0 of Copy 3 of Copy 1 of Copy of Group 20" ParentGroup="Copy 0 of Group 12" />
    <Group Type="" Name="Copy 0 of Copy 3 of Copy 1 of Copy of Copy of Group 20" ParentGroup="Copy 0 of Group 12" />
    <Group Type="" Name="Copy 0 of Copy 3 of Copy 1 of Copy of Copy of Copy of Group 20" ParentGroup="Copy 0 of Group 12" />
    <Group Type="" Name="Copy 0 of Copy 3 of Copy 1 of Copy of Copy of Copy of Copy of Group 20" ParentGroup="Copy 0 of Group 12" />
    <Group Type="" Name="Copy 0 of Copy 3 of Copy 1 of Group 21" ParentGroup="Copy 0 of Group 12" />
    <Group Type="" Name="Copy 0 of Copy 3 of Copy 1 of Group 22" ParentGroup="Copy 0 of Group 12" />
    <Group Type="" Name="Copy 0 of Group 13" ParentGroup="Copy 0 of Group 15" />
    <Group Type="" Name="Copy 0 of Group 14" ParentGroup="Copy 0 of Group 15" />
    <Group Type="" Name="Copy 0 of Group 9" />
    <Group Type="" Name="Copy 0 of Group 12" />
    <Group Type="" Name="Copy 0 of Group 15" />
  </Groups>
  <Shapes QNs="Telerik.Windows.Controls.Diagrams, Version=2012.2.529.1050, Culture=neutral, PublicKeyToken=5803cfa389c90ce7;">
    <RadDiagramShape Type="Telerik.Windows.Controls.RadDiagramShape" Id="bd819a27-d988-40e5-96f1-e3219affc501" ZIndex="1" Position="927.075;214.722222222222" ParentGroup="Copy 0 of Copy 3 of Copy 1 of Group 16" Stroke="#FF838383" StrokeThickness="1" StrokeDashArray="1 0 " Background="#FFFFFFFF" Size="108.073051452637;145.647338867188" RotationAngle="0" Foreground="#FF333333" BorderBrush="#FF838383" Thickness="0;0;0;0" FontSize="12" FontWeight="7" FontFamily="Segoe UI" Connectors="Auto:0.5;0.5,Left:0;0.5,Top:0.5;0,Right:1;0.5,Bottom:0.5;1," Geometry="M0.5,0.5L111.5,0.5L111.5,74.5L0.5,74.5z" QN="0" />
    <RadDiagramShape Type="Telerik.Windows.Controls.RadDiagramShape" Id="7f40013f-8360-4b80-b731-3b7929a31fab" ZIndex="1" Position="892.4;218.822222222222" Stroke="#FFAB8D00" StrokeThickness="1" StrokeDashArray="1 0 " Background="#FFF1C700" Size="30;30" RotationAngle="0" Foreground="#FF333333" BorderBrush="#FFAB8D00" Thickness="0;0;0;0" FontSize="12" FontWeight="7" FontFamily="Segoe UI" Connectors="Auto:0.5;0.5,Left:0;0.5,Top:0.5;0,Right:1;0.5,Bottom:0.5;1," Geometry="M0.5,0.5L111.5,0.5L111.5,74.5L0.5,74.5z" QN="0" />
    <RadDiagramShape Type="Telerik.Windows.Controls.RadDiagramShape" Id="2f28f595-7821-4ee9-b271-8d70979137bd" ZIndex="1" Position="1039.1;217.722222222222" Stroke="#FFAB8D00" StrokeThickness="1" StrokeDashArray="1 0 " Background="#FFF1C700" Size="30;30" RotationAngle="0" Foreground="#FF333333" BorderBrush="#FFAB8D00" Thickness="0;0;0;0" FontSize="12" FontWeight="7" FontFamily="Segoe UI" Connectors="Auto:0.5;0.5,Left:0;0.5,Top:0.5;0,Right:1;0.5,Bottom:0.5;1," Geometry="M0.5,0.5L111.5,0.5L111.5,74.5L0.5,74.5z" QN="0" />
    <RadDiagramShape Type="Telerik.Windows.Controls.RadDiagramShape" Id="2da24c86-80d9-4278-9ddc-8813cf2e181d" ZIndex="1" Position="875.575;522.326406379634" ParentGroup="Copy 0 of Copy 3 of Copy 1 of Group 4" Stroke="#FF351F00" StrokeThickness="1" StrokeDashArray="1 0 " Background="#FF986827" Size="68;40" RotationAngle="0" Foreground="#FF333333" BorderBrush="#FF351F00" Thickness="0;0;0;0" FontSize="12" FontWeight="7" FontFamily="Segoe UI" Connectors="Auto:0.5;0.5,Left:0;0.5,Top:0.5;0,Right:1;0.5,Bottom:0.5;1," Geometry="M0.5,0.5L111.5,0.5L111.5,74.5L0.5,74.5z" QN="0" />
    <RadDiagramShape Type="Telerik.Windows.Controls.RadDiagramShape" Id="33acff94-cf41-4e28-a430-322e00ce2c30" ZIndex="1" Position="488;158" Stroke="#FF000000" StrokeThickness="1" StrokeDashArray="1 0 " Background="#FF333333" Size="380;15" RotationAngle="0" Content="" Foreground="#FF333333" BorderBrush="#FF000000" Thickness="0;0;0;0" FontSize="12" FontWeight="7" FontFamily="Segoe UI" Connectors="Auto:0.5;0.5,Left:0;0.5,Top:0.5;0,Right:1;0.5,Bottom:0.5;1," Geometry="M0.5,0.5L111.5,0.5L111.5,74.5L0.5,74.5z" QN="0" />
    <RadDiagramShape Type="Telerik.Windows.Controls.RadDiagramShape" Id="c79bff21-6a8f-43d6-befd-4d6b39a04096" ZIndex="13" Position="491;362.191546635896" Stroke="#FF121212" StrokeThickness="1" StrokeDashArray="1 0 " Background="#FF474747" Size="10;205.547348022461" RotationAngle="0" Content="" Foreground="#FF333333" BorderBrush="#FF121212" Thickness="0;0;0;0" FontSize="12" FontWeight="7" FontFamily="Segoe UI" Connectors="Auto:0.5;0.5,Left:0;0.5,Top:0.5;0,Right:1;0.5,Bottom:0.5;1," Geometry="M0.5,0.5L111.5,0.5L111.5,74.5L0.5,74.5z" QN="0" />
    <RadDiagramShape Type="Telerik.Windows.Controls.RadDiagramShape" Id="06e0e1ee-68f5-431b-813c-a04b92502a4c" ZIndex="1" Position="1015.575;522.572222222223" ParentGroup="Copy 0 of Copy 3 of Copy 1 of Group 4" Stroke="#FF351F00" StrokeThickness="1" StrokeDashArray="1 0 " Background="#FF986827" Size="68;40" RotationAngle="0" Foreground="#FF333333" BorderBrush="#FF351F00" Thickness="0;0;0;0" FontSize="12" FontWeight="7" FontFamily="Segoe UI" Connectors="Auto:0.5;0.5,Left:0;0.5,Top:0.5;0,Right:1;0.5,Bottom:0.5;1," Geometry="M0.5,0.5L111.5,0.5L111.5,74.5L0.5,74.5z" QN="0" />
    <RadDiagramShape Type="Telerik.Windows.Controls.RadDiagramShape" Id="5acf2546-6af1-48a7-a28a-74161b7644fa" ZIndex="1" Position="945.575;522.326406379634" ParentGroup="Copy 0 of Copy 3 of Copy 1 of Group 4" Stroke="#FF351F00" StrokeThickness="1" StrokeDashArray="1 0 " Background="#FF986827" Size="68;40" RotationAngle="0" Foreground="#FF333333" BorderBrush="#FF351F00" Thickness="0;0;0;0" FontSize="12" FontWeight="7" FontFamily="Segoe UI" Connectors="Auto:0.5;0.5,Left:0;0.5,Top:0.5;0,Right:1;0.5,Bottom:0.5;1," Geometry="M0.5,0.5L111.5,0.5L111.5,74.5L0.5,74.5z" QN="0" />
    <RadDiagramShape Type="Telerik.Windows.Controls.RadDiagramShape" Id="911aa779-a98a-4747-b1c6-9c125a7ee86f" ZIndex="1" Position="723.40833333333;202.119553785535" ParentGroup="Copy 0 of Copy 3 of Copy 1 of Group 14" Stroke="#FF005857" StrokeThickness="1" StrokeDashArray="1 0 " Background="#FF15ACA9" Size="50;50" RotationAngle="0" Content="" Foreground="#FF333333" BorderBrush="#FF005857" Thickness="0;0;0;0" FontSize="12" FontWeight="7" FontFamily="Segoe UI" Connectors="Auto:0.5;0.5,Left:0;0.5,Top:0.5;0,Right:1;0.5,Bottom:0.5;1," Geometry="M0.5,0.5L111.5,0.5L111.5,74.5L0.5,74.5z" QN="0" />
    <RadDiagramShape Type="Telerik.Windows.Controls.RadDiagramShape" Id="a9e8bfa6-df0d-4b3e-b18f-f6881d0793da" ZIndex="1" Position="671.96388888891;202.397331563314" ParentGroup="Copy 0 of Copy 3 of Copy 1 of Group 14" Stroke="#FF005857" StrokeThickness="1" StrokeDashArray="1 0 " Background="#FF15ACA9" Size="50;50" RotationAngle="0" Foreground="#FF333333" BorderBrush="#FF005857" Thickness="0;0;0;0" FontSize="12" FontWeight="7" FontFamily="Segoe UI" Connectors="Auto:0.5;0.5,Left:0;0.5,Top:0.5;0,Right:1;0.5,Bottom:0.5;1," Geometry="M0.5,0.5L111.5,0.5L111.5,74.5L0.5,74.5z" QN="0" />
    <RadDiagramShape Type="Telerik.Windows.Controls.RadDiagramShape" Id="4a87746a-f6c0-4019-a963-fa74894e2edf" ZIndex="5" Position="616.29722222221;202.386189330862" ParentGroup="Copy 0 of Copy 3 of Copy 1 of Group 14" Stroke="#FF005857" StrokeThickness="1" StrokeDashArray="1 0 " Background="#FF15ACA9" Size="10;46.9833641052246" RotationAngle="0" Foreground="#FF333333" BorderBrush="#FF005857" Thickness="0;0;0;0" FontSize="12" FontWeight="7" FontFamily="Segoe UI" Connectors="Auto:0.5;0.5,Left:0;0.5,Top:0.5;0,Right:1;0.5,Bottom:0.5;1," Geometry="M0.5,0.5L111.5,0.5L111.5,74.5L0.5,74.5z" QN="0" />
    <RadDiagramShape Type="Telerik.Windows.Controls.RadDiagramShape" Id="1bd970ed-2d34-4749-8aab-1e43772b08cc" ZIndex="20" Position="309;564.75" Stroke="#FF121212" StrokeThickness="1" StrokeDashArray="1 0 " Background="#FF474747" Size="791;15" RotationAngle="0" Foreground="#FF333333" BorderBrush="#FF121212" Thickness="0;0;0;0" FontSize="12" FontWeight="7" FontFamily="Segoe UI" Connectors="Auto:0.5;0.5,Left:0;0.5,Top:0.5;0,Right:1;0.5,Bottom:0.5;1," Geometry="M0.5,0.5L111.5,0.5L111.5,74.5L0.5,74.5z" QN="0" />
    <RadDiagramShape Type="Telerik.Windows.Controls.RadDiagramShape" Id="996dce7f-a34a-446c-8381-90adec10457b" ZIndex="-1" Position="867;199.388888888888" Stroke="#FFD4D4D4" StrokeThickness="1" StrokeDashArray="4 4 " Background="#FFF7F7F7" Size="227.177841186523;373.802642822266" RotationAngle="0" Foreground="#FF333333" BorderBrush="#FFD4D4D4" Thickness="0;0;0;0" FontSize="12" FontWeight="7" FontFamily="Segoe UI" Connectors="Auto:0.5;0.5,Left:0;0.5,Top:0.5;0,Right:1;0.5,Bottom:0.5;1," Geometry="M0.5,0.5L111.5,0.5L111.5,74.5L0.5,74.5z" QN="0" />
    <RadDiagramShape Type="Telerik.Windows.Controls.RadDiagramShape" Id="20a567e1-511b-49d6-9a18-8b5c4ad6c952" ZIndex="-2" Position="296;140" Stroke="#00FFFFFF" StrokeThickness="1" StrokeDashArray="1 0 " Background="#FFF7F7F7" Size="814.2158203125;448.822235107422" RotationAngle="0" Foreground="#FF333333" BorderBrush="#FFF7F7F7" Thickness="0;0;0;0" FontSize="12" FontWeight="7" FontFamily="Segoe UI" Connectors="Auto:0.5;0.5,Left:0;0.5,Top:0.5;0,Right:1;0.5,Bottom:0.5;1," Geometry="M0.5,0.5L111.5,0.5L111.5,74.5L0.5,74.5z" QN="0" />
    <RadDiagramShape Type="Telerik.Windows.Controls.RadDiagramShape" Id="97a2e842-8bd1-4836-b82e-77a3b932c57b" ZIndex="1" Position="862.5;158" Stroke="#FF000000" StrokeThickness="1" StrokeDashArray="1 0 " Background="#FF333333" Size="15;46" RotationAngle="0" Foreground="#FF333333" BorderBrush="#FF000000" Thickness="0;0;0;0" FontSize="12" FontWeight="7" FontFamily="Segoe UI" Connectors="Auto:0.5;0.5,Left:0;0.5,Top:0.5;0,Right:1;0.5,Bottom:0.5;1," Geometry="M0.5,0.5L111.5,0.5L111.5,74.5L0.5,74.5z" QN="0" />
    <RadDiagramShape Type="Telerik.Windows.Controls.RadDiagramShape" Id="c2655439-d0d8-47e6-b2be-9513ebf9d682" ZIndex="1" Position="983.075;218.722222222222" ParentGroup="Copy 0 of Copy 3 of Copy 1 of Group 16" Stroke="#FF005857" StrokeThickness="1" StrokeDashArray="1 0 " Background="#FF15ACA9" Size="48;30.647331237793" RotationAngle="0" Foreground="#FF333333" BorderBrush="#FF005857" Thickness="0;0;0;0" FontSize="12" FontWeight="7" FontFamily="Segoe UI" Connectors="Auto:0.5;0.5,Left:0;0.5,Top:0.5;0,Right:1;0.5,Bottom:0.5;1," Geometry="M0.5,0.5L111.5,0.5L111.5,74.5L0.5,74.5z" QN="0" />
    <RadDiagramShape Type="Telerik.Windows.Controls.RadDiagramShape" Id="0e312e10-e753-4d06-aaa3-6850eefe849a" ZIndex="6" Position="619.60079567084;191.702887118869" ParentGroup="Copy 0 of Copy 3 of Copy 1 of Group 14" Stroke="#FF005857" StrokeThickness="1" StrokeDashArray="1 0 " Background="#FF15ACA9" Size="153.5;15" RotationAngle="0" Foreground="#FF333333" BorderBrush="#FF005857" Thickness="0;0;0;0" FontSize="12" FontWeight="7" FontFamily="Segoe UI" Connectors="Auto:0.5;0.5,Left:0;0.5,Top:0.5;0,Right:1;0.5,Bottom:0.5;1," Geometry="M0.5,0.5L111.5,0.5L111.5,74.5L0.5,74.5z" QN="0" />
    <RadDiagramShape Type="Telerik.Windows.Controls.RadDiagramShape" Id="e143cb73-711c-4dfc-82ed-768c2fa067c8" ZIndex="10" Position="322.549150363804;366.46" Stroke="#FF121212" StrokeThickness="1" StrokeDashArray="1 0 " Background="#FF474747" Size="112;10" RotationAngle="0" Content="" Foreground="#FF333333" BorderBrush="#FF121212" Thickness="0;0;0;0" FontSize="12" FontWeight="7" FontFamily="Segoe UI" Connectors="Auto:0.5;0.5,Left:0;0.5,Top:0.5;0,Right:1;0.5,Bottom:0.5;1," Geometry="M0.5,0.5L111.5,0.5L111.5,74.5L0.5,74.5z" QN="0" />
    <RadDiagramShape Type="Telerik.Windows.Controls.RadDiagramShape" Id="533ef34d-5bfb-425c-a222-c5f949f1b8b4" ZIndex="9" Position="326.736854181711;499.885666208177" ParentGroup="Copy 0 of Group 11" Stroke="#FF00537A" StrokeThickness="1" StrokeDashArray="1 0 " Background="#FF23A0DA" Size="161.144424438477;62.1550674438477" RotationAngle="0" Foreground="#FF333333" BorderBrush="#FF00537A" Thickness="0;0;0;0" FontSize="12" FontWeight="7" FontFamily="Segoe UI" Connectors="Auto:0.5;0.5,Left:0;0.5,Top:0.5;0,Right:1;0.5,Bottom:0.5;1," Geometry="M0.5,0.5L111.5,0.5L111.5,74.5L0.5,74.5z" QN="0" />
    <RadDiagramShape Type="Telerik.Windows.Controls.RadDiagramShape" Id="97f45a2e-d943-4710-a77b-0523b61a57a7" ZIndex="9" Position="357.881272760852;507.207400797366" ParentGroup="Copy 0 of Group 11" Stroke="#FF00537A" StrokeThickness="1" StrokeDashArray="1 0 " Background="#FF23A0DA" Size="123.5;48.8333320617676" RotationAngle="0" Foreground="#FF333333" BorderBrush="#FF00537A" Thickness="0;0;0;0" FontSize="12" FontWeight="7" FontFamily="Segoe UI" Connectors="Auto:0.5;0.5,Left:0;0.5,Top:0.5;0,Right:1;0.5,Bottom:0.5;1," Geometry="M0.5,0.5L111.5,0.5L111.5,74.5L0.5,74.5z" QN="0" />
    <RadDiagramShape Type="Telerik.Windows.Controls.RadDiagramShape" Id="ea538727-7061-4095-8f18-95b03f01d8c1" ZIndex="1" Position="620.63055555557;202.397331563312" ParentGroup="Copy 0 of Copy 3 of Copy 1 of Group 14" Stroke="#FF005857" StrokeThickness="1" StrokeDashArray="1 0 " Background="#FF15ACA9" Size="50;50" RotationAngle="0" Foreground="#FF333333" BorderBrush="#FF005857" Thickness="0;0;0;0" FontSize="12" FontWeight="7" FontFamily="Segoe UI" Connectors="Auto:0.5;0.5,Left:0;0.5,Top:0.5;0,Right:1;0.5,Bottom:0.5;1," Geometry="M0.5,0.5L111.5,0.5L111.5,74.5L0.5,74.5z" QN="0" />
    <RadDiagramShape Type="Telerik.Windows.Controls.RadDiagramShape" Id="67ac8df5-d423-472a-8aa5-685de19c2635" ZIndex="9" Position="359.073446139626;389.347386714432" ParentGroup="Copy 0 of Group 7" Stroke="#FF00537A" StrokeThickness="1" StrokeDashArray="1 0 " Background="#FF23A0DA" Size="30;30" RotationAngle="0" Foreground="#FF333333" BorderBrush="#FF00537A" Thickness="0;0;0;0" FontSize="12" FontWeight="7" FontFamily="Segoe UI" Connectors="Auto:0.5;0.5,Left:0;0.5,Top:0.5;0,Right:1;0.5,Bottom:0.5;1," Geometry="M111.5,37.5C111.5,57.91 86.67,74.5 56,74.5C25.33,74.5 0.5,57.91 0.5,37.5C0.5,17.09 25.33,0.5 56,0.5C86.67,0.5 111.5,17.09 111.5,37.5z" QN="0" />
    <RadDiagramShape Type="Telerik.Windows.Controls.RadDiagramShape" Id="49303486-bab8-4b07-b893-1f27673fc730" ZIndex="1" Position="949.575;392" Stroke="#00FFFFFF" StrokeThickness="1" StrokeDashArray="1 0 " Background="#FFF7F7F7" Size="63;23.2666664123535" RotationAngle="0" Content="BEDROOM" Foreground="#FF595959" BorderBrush="#FFD4D4D4" Thickness="0;0;0;0" FontSize="11" FontWeight="7" FontFamily="Segoe UI" Connectors="Auto:0.5;0.5,Left:0;0.5,Top:0.5;0,Right:1;0.5,Bottom:0.5;1," Geometry="M0.5,0.5L111.5,0.5L111.5,74.5L0.5,74.5z" QN="0" />
    <RadDiagramShape Type="Telerik.Windows.Controls.RadDiagramShape" Id="81570fa4-19ee-4ea3-a9f9-52ed2218b9ab" ZIndex="1" Position="656.52778173555;388.916666666667" Stroke="#00FFFFFF" StrokeThickness="1" StrokeDashArray="1 0 " Background="#FFF7F7F7" Size="85.8333358764648;23" RotationAngle="0" Content="LIVING ROOM" Foreground="#FF595959" BorderBrush="#FFD4D4D4" Thickness="0;0;0;0" FontSize="11" FontWeight="7" FontFamily="Segoe UI" Connectors="Auto:0.5;0.5,Left:0;0.5,Top:0.5;0,Right:1;0.5,Bottom:0.5;1," Geometry="M0.5,0.5L111.5,0.5L111.5,74.5L0.5,74.5z" QN="0" />
    <RadDiagramShape Type="Telerik.Windows.Controls.RadDiagramShape" Id="7d28706b-d098-4e68-b90e-7d6217e941cb" ZIndex="1" Position="289.598300727615;243.572222222223" Stroke="#FF2B2B2B" StrokeThickness="1" StrokeDashArray="1 0 " Background="#FF747474" Size="48.8333320617676;23" RotationAngle="180" Foreground="#FF333333" BorderBrush="#FF2B2B2B" Thickness="0;0;0;0" FontSize="12" FontWeight="7" FontFamily="Segoe UI" Connectors="Auto:0.5;0.5,Left:0;0.5,Top:0.5;0,Right:1;0.5,Bottom:0.5;1," Geometry="M25,0.5L25,10.5L111.5,10.5L111.5,30.5L25,30.5L25,39.5L0.5,20.5z" QN="0" />
    <RadDiagramShape Type="Telerik.Windows.Controls.RadDiagramShape" Id="0cb79e20-24c0-4a73-be47-5452eb2310e4" ZIndex="1" Position="323.431634060948;375.96" ParentGroup="Copy 0 of Copy 3 of Copy 1 of Group 1" Stroke="#FFD4D4D4" StrokeThickness="1" StrokeDashArray="1 0 " Background="#FFF7F7F7" Size="25;25" RotationAngle="0" Foreground="#FF333333" BorderBrush="#FFD4D4D4" Thickness="0;0;0;0" FontSize="12" FontWeight="7" FontFamily="Segoe UI" Connectors="Auto:0.5;0.5,Left:0;0.5,Top:0.5;0,Right:1;0.5,Bottom:0.5;1," Geometry="M0.5,0.5L111.5,0.5L111.5,74.5L0.5,74.5z" QN="0" />
    <RadDiagramShape Type="Telerik.Windows.Controls.RadDiagramShape" Id="9bbc08f4-4eb3-42ac-a409-7232c9ad766c" ZIndex="18" Position="394.382483697141;287.722222222222" Stroke="#00FFFFFF" StrokeThickness="1" StrokeDashArray="1 0 " Background="#FFF7F7F7" Size="85.8333358764648;23" RotationAngle="0" Content="HALLWAY" Foreground="#FF595959" BorderBrush="#FFD4D4D4" Thickness="0;0;0;0" FontSize="11" FontWeight="7" FontFamily="Segoe UI" Connectors="Auto:0.5;0.5,Left:0;0.5,Top:0.5;0,Right:1;0.5,Bottom:0.5;1," Geometry="M0.5,0.5L111.5,0.5L111.5,74.5L0.5,74.5z" QN="0" />
    <RadDiagramShape Type="Telerik.Windows.Controls.RadDiagramShape" Id="cf8462f6-7f5b-4de2-9cf2-4392b51ce3eb" ZIndex="28" Position="392.166666666667;434.890851238889" Stroke="#00FFFFFF" StrokeThickness="1" StrokeDashArray="1 0 " Background="#FFF7F7F7" Size="86;23" RotationAngle="0" Content="BATHROOM" Foreground="#FF7F7F7F" BorderBrush="#FFD4D4D4" Thickness="0;0;0;0" FontSize="11" FontWeight="7" FontFamily="Segoe UI" Connectors="Auto:0.5;0.5,Left:0;0.5,Top:0.5;0,Right:1;0.5,Bottom:0.5;1," Geometry="M0.5,0.5L111.5,0.5L111.5,74.5L0.5,74.5z" QN="0" />
    <RadDiagramShape Type="Telerik.Windows.Controls.RadDiagramShape" Id="4e88aa3b-eb63-4cba-9123-205862dde9f0" ZIndex="1" Position="863;517.853052795446" Stroke="#FF121212" StrokeThickness="1" StrokeDashArray="1 0 " Background="#FF474747" Size="10;50" RotationAngle="0" Foreground="#FF333333" BorderBrush="#FF121212" Thickness="0;0;0;0" FontSize="12" FontWeight="7" FontFamily="Segoe UI" Connectors="Auto:0.5;0.5,Left:0;0.5,Top:0.5;0,Right:1;0.5,Bottom:0.5;1," Geometry="M0.5,0.5L111.5,0.5L111.5,74.5L0.5,74.5z" QN="0" />
    <RadDiagramShape Type="Telerik.Windows.Controls.RadDiagramShape" Id="bc7463c9-19c5-4779-a5ea-4bd9cde2e34e" ZIndex="1" Position="932.075;218.722222222222" ParentGroup="Copy 0 of Copy 3 of Copy 1 of Group 16" Stroke="#FF005857" StrokeThickness="1" StrokeDashArray="1 0 " Background="#FF15ACA9" Size="48.073055267334;30.647331237793" RotationAngle="0" Foreground="#FF333333" BorderBrush="#FF005857" Thickness="0;0;0;0" FontSize="12" FontWeight="7" FontFamily="Segoe UI" Connectors="Auto:0.5;0.5,Left:0;0.5,Top:0.5;0,Right:1;0.5,Bottom:0.5;1," Geometry="M0.5,0.5L111.5,0.5L111.5,74.5L0.5,74.5z" QN="0" />
    <RadDiagramShape Type="Telerik.Windows.Controls.RadDiagramShape" Id="d69e7836-f456-496e-8394-4b7062e14413" ZIndex="16" Position="863;189" Stroke="#FF000000" StrokeThickness="1" StrokeDashArray="1 0 " Background="#FF333333" Size="237;15" RotationAngle="0" Foreground="#FF333333" BorderBrush="#FF000000" Thickness="0;0;0;0" FontSize="12" FontWeight="7" FontFamily="Segoe UI" Connectors="Auto:0.5;0.5,Left:0;0.5,Top:0.5;0,Right:1;0.5,Bottom:0.5;1," Geometry="M0.5,0.5L111.5,0.5L111.5,74.5L0.5,74.5z" QN="0" />
    <RadDiagramShape Type="Telerik.Windows.Controls.RadDiagramShape" Id="b9608390-a3cd-4ee9-8b82-83bee64b574f" ZIndex="1" Position="303.784182969526;208.722222222222" Stroke="#FF000000" StrokeThickness="1" StrokeDashArray="1 0 " Background="#FF333333" Size="198.2158203125;15.277777671814" RotationAngle="0" Content="" Foreground="#FF333333" BorderBrush="#FF000000" Thickness="0;0;0;0" FontSize="12" FontWeight="7" FontFamily="Segoe UI" Connectors="Auto:0.5;0.5,Left:0;0.5,Top:0.5;0,Right:1;0.5,Bottom:0.5;1," Geometry="M0.5,0.5L111.5,0.5L111.5,74.5L0.5,74.5z" QN="0" />
    <RadDiagramShape Type="Telerik.Windows.Controls.RadDiagramShape" Id="c12b4ad2-a3f4-4bd7-89a0-dbc31ec5812a" ZIndex="1" Position="308.431634060948;287.808085386672" Stroke="#FF121212" StrokeThickness="1" StrokeDashArray="1 0 " Background="#FF474747" Size="15;292.191925048828" RotationAngle="0" Foreground="#FF333333" BorderBrush="#FF121212" Thickness="0;0;0;0" FontSize="12" FontWeight="7" FontFamily="Segoe UI" Connectors="Auto:0.5;0.5,Left:0;0.5,Top:0.5;0,Right:1;0.5,Bottom:0.5;1," Geometry="M0.5,0.5L111.5,0.5L111.5,74.5L0.5,74.5z" QN="0" />
    <RadDiagramShape Type="Telerik.Windows.Controls.RadDiagramShape" Id="f83f1cd4-1779-4842-af0b-dfce8feab97e" ZIndex="1" Position="488;159" Stroke="#FF000000" StrokeThickness="1" StrokeDashArray="1 0 " Background="#FF333333" Size="15;65" RotationAngle="0" Content="" Foreground="#FF333333" BorderBrush="#FF000000" Thickness="0;0;0;0" FontSize="12" FontWeight="7" FontFamily="Segoe UI" Connectors="Auto:0.5;0.5,Left:0;0.5,Top:0.5;0,Right:1;0.5,Bottom:0.5;1," Geometry="M0.5,0.5L111.5,0.5L111.5,74.5L0.5,74.5z" QN="0" />
    <RadDiagramShape Type="Telerik.Windows.Controls.RadDiagramShape" Id="fc37e66b-b26b-4a5b-b7d6-d2c85ad2d034" ZIndex="1" Position="1085;189" Stroke="#FF121212" StrokeThickness="1" StrokeDashArray="1 0 " Background="#FF474747" Size="15;391" RotationAngle="0" Foreground="#FF333333" BorderBrush="#FF121212" Thickness="0;0;0;0" FontSize="12" FontWeight="7" FontFamily="Segoe UI" Connectors="Auto:0.5;0.5,Left:0;0.5,Top:0.5;0,Right:1;0.5,Bottom:0.5;1," Geometry="M0.5,0.5L111.5,0.5L111.5,74.5L0.5,74.5z" QN="0" />
    <RadDiagramShape Type="Telerik.Windows.Controls.RadDiagramShape" Id="764937e5-f267-47b0-88f2-04d56e504113" ZIndex="13" Position="863;199.322222222222" Stroke="#FF121212" StrokeThickness="1" StrokeDashArray="1 0 " Background="#FF474747" Size="10;262.869323730469" RotationAngle="0" Content="" Foreground="#FF333333" BorderBrush="#FF121212" Thickness="0;0;0;0" FontSize="12" FontWeight="7" FontFamily="Segoe UI" Connectors="Auto:0.5;0.5,Left:0;0.5,Top:0.5;0,Right:1;0.5,Bottom:0.5;1," Geometry="M0.5,0.5L111.5,0.5L111.5,74.5L0.5,74.5z" QN="0" />
    <RadDiagramShape Type="Telerik.Windows.Controls.RadDiagramShape" Id="891cae10-94dc-4119-855f-c587203ad00d" ZIndex="1" Position="347;375.916666666667" ParentGroup="Copy 0 of Copy 3 of Copy 1 of Group 1" Stroke="#FFD4D4D4" StrokeThickness="1" StrokeDashArray="1 0 " Background="#FFF7F7F7" Size="25;25" RotationAngle="0" Foreground="#FF333333" BorderBrush="#FFD4D4D4" Thickness="0;0;0;0" FontSize="12" FontWeight="7" FontFamily="Segoe UI" Connectors="Auto:0.5;0.5,Left:0;0.5,Top:0.5;0,Right:1;0.5,Bottom:0.5;1," Geometry="M0.5,0.5L111.5,0.5L111.5,74.5L0.5,74.5z" QN="0" />
    <RadDiagramShape Type="Telerik.Windows.Controls.RadDiagramShape" Id="9a01ff0d-d299-466e-8f33-69be7c25651c" ZIndex="1" Position="371;375.916666666667" ParentGroup="Copy 0 of Copy 3 of Copy 1 of Group 1" Stroke="#FFD4D4D4" StrokeThickness="1" StrokeDashArray="1 0 " Background="#FFF7F7F7" Size="25;25" RotationAngle="0" Foreground="#FF333333" BorderBrush="#FFD4D4D4" Thickness="0;0;0;0" FontSize="12" FontWeight="7" FontFamily="Segoe UI" Connectors="Auto:0.5;0.5,Left:0;0.5,Top:0.5;0,Right:1;0.5,Bottom:0.5;1," Geometry="M0.5,0.5L111.5,0.5L111.5,74.5L0.5,74.5z" QN="0" />
    <RadDiagramShape Type="Telerik.Windows.Controls.RadDiagramShape" Id="841dec31-fd0a-403d-ba23-ff4afa1eace6" ZIndex="1" Position="395;375.96" ParentGroup="Copy 0 of Copy 3 of Copy 1 of Group 1" Stroke="#FFD4D4D4" StrokeThickness="1" StrokeDashArray="1 0 " Background="#FFF7F7F7" Size="25;25" RotationAngle="0" Foreground="#FF333333" BorderBrush="#FFD4D4D4" Thickness="0;0;0;0" FontSize="12" FontWeight="7" FontFamily="Segoe UI" Connectors="Auto:0.5;0.5,Left:0;0.5,Top:0.5;0,Right:1;0.5,Bottom:0.5;1," Geometry="M0.5,0.5L111.5,0.5L111.5,74.5L0.5,74.5z" QN="0" />
    <RadDiagramShape Type="Telerik.Windows.Controls.RadDiagramShape" Id="2130d568-d65f-4979-b937-e728bd646d0a" ZIndex="1" Position="419;375.916666666667" ParentGroup="Copy 0 of Copy 3 of Copy 1 of Group 1" Stroke="#FFD4D4D4" StrokeThickness="1" StrokeDashArray="1 0 " Background="#FFF7F7F7" Size="25;25" RotationAngle="0" Foreground="#FF333333" BorderBrush="#FFD4D4D4" Thickness="0;0;0;0" FontSize="12" FontWeight="7" FontFamily="Segoe UI" Connectors="Auto:0.5;0.5,Left:0;0.5,Top:0.5;0,Right:1;0.5,Bottom:0.5;1," Geometry="M0.5,0.5L111.5,0.5L111.5,74.5L0.5,74.5z" QN="0" />
    <RadDiagramShape Type="Telerik.Windows.Controls.RadDiagramShape" Id="8bc721e8-297d-4318-b0ad-3637e48ab1a2" ZIndex="1" Position="443;375.96" ParentGroup="Copy 0 of Copy 3 of Copy 1 of Group 1" Stroke="#FFD4D4D4" StrokeThickness="1" StrokeDashArray="1 0 " Background="#FFF7F7F7" Size="25;25" RotationAngle="0" Foreground="#FF333333" BorderBrush="#FFD4D4D4" Thickness="0;0;0;0" FontSize="12" FontWeight="7" FontFamily="Segoe UI" Connectors="Auto:0.5;0.5,Left:0;0.5,Top:0.5;0,Right:1;0.5,Bottom:0.5;1," Geometry="M0.5,0.5L111.5,0.5L111.5,74.5L0.5,74.5z" QN="0" />
    <RadDiagramShape Type="Telerik.Windows.Controls.RadDiagramShape" Id="bf057c64-1bde-4550-a0cb-baef4bdaf73a" ZIndex="1" Position="467;375.96" ParentGroup="Copy 0 of Copy 3 of Copy 1 of Group 1" Stroke="#FFD4D4D4" StrokeThickness="1" StrokeDashArray="1 0 " Background="#FFF7F7F7" Size="25;25" RotationAngle="0" Foreground="#FF333333" BorderBrush="#FFD4D4D4" Thickness="0;0;0;0" FontSize="12" FontWeight="7" FontFamily="Segoe UI" Connectors="Auto:0.5;0.5,Left:0;0.5,Top:0.5;0,Right:1;0.5,Bottom:0.5;1," Geometry="M0.5,0.5L111.5,0.5L111.5,74.5L0.5,74.5z" QN="0" />
    <RadDiagramShape Type="Telerik.Windows.Controls.RadDiagramShape" Id="7030915d-eb94-4c80-b2c7-d21f462fcff6" ZIndex="1" Position="323.431634060948;399.767087444648" ParentGroup="Copy 0 of Copy 3 of Copy 1 of Group 2" Stroke="#FFD4D4D4" StrokeThickness="1" StrokeDashArray="1 0 " Background="#FFF7F7F7" Size="25;25" RotationAngle="0" Foreground="#FF333333" BorderBrush="#FFD4D4D4" Thickness="0;0;0;0" FontSize="12" FontWeight="7" FontFamily="Segoe UI" Connectors="Auto:0.5;0.5,Left:0;0.5,Top:0.5;0,Right:1;0.5,Bottom:0.5;1," Geometry="M0.5,0.5L111.5,0.5L111.5,74.5L0.5,74.5z" QN="0" />
    <RadDiagramShape Type="Telerik.Windows.Controls.RadDiagramShape" Id="5d203d18-6317-45d7-9710-35ab8a6700f5" ZIndex="1" Position="347;399.723754111315" ParentGroup="Copy 0 of Copy 3 of Copy 1 of Group 2" Stroke="#FFD4D4D4" StrokeThickness="1" StrokeDashArray="1 0 " Background="#FFF7F7F7" Size="25;25" RotationAngle="0" Foreground="#FF333333" BorderBrush="#FFD4D4D4" Thickness="0;0;0;0" FontSize="12" FontWeight="7" FontFamily="Segoe UI" Connectors="Auto:0.5;0.5,Left:0;0.5,Top:0.5;0,Right:1;0.5,Bottom:0.5;1," Geometry="M0.5,0.5L111.5,0.5L111.5,74.5L0.5,74.5z" QN="0" />
    <RadDiagramShape Type="Telerik.Windows.Controls.RadDiagramShape" Id="e72d0945-c13e-4e37-898c-56af87ff2994" ZIndex="1" Position="371;399.723754111315" ParentGroup="Copy 0 of Copy 3 of Copy 1 of Group 2" Stroke="#FFD4D4D4" StrokeThickness="1" StrokeDashArray="1 0 " Background="#FFF7F7F7" Size="25;25" RotationAngle="0" Foreground="#FF333333" BorderBrush="#FFD4D4D4" Thickness="0;0;0;0" FontSize="12" FontWeight="7" FontFamily="Segoe UI" Connectors="Auto:0.5;0.5,Left:0;0.5,Top:0.5;0,Right:1;0.5,Bottom:0.5;1," Geometry="M0.5,0.5L111.5,0.5L111.5,74.5L0.5,74.5z" QN="0" />
    <RadDiagramShape Type="Telerik.Windows.Controls.RadDiagramShape" Id="3e53b026-2e5c-4a21-b8c4-eb40e270a024" ZIndex="1" Position="395;399.767087444648" ParentGroup="Copy 0 of Copy 3 of Copy 1 of Group 2" Stroke="#FFD4D4D4" StrokeThickness="1" StrokeDashArray="1 0 " Background="#FFF7F7F7" Size="25;25" RotationAngle="0" Foreground="#FF333333" BorderBrush="#FFD4D4D4" Thickness="0;0;0;0" FontSize="12" FontWeight="7" FontFamily="Segoe UI" Connectors="Auto:0.5;0.5,Left:0;0.5,Top:0.5;0,Right:1;0.5,Bottom:0.5;1," Geometry="M0.5,0.5L111.5,0.5L111.5,74.5L0.5,74.5z" QN="0" />
    <RadDiagramShape Type="Telerik.Windows.Controls.RadDiagramShape" Id="ebba1938-5bd5-431b-8ab8-808ff646bcc2" ZIndex="1" Position="419;399.723754111315" ParentGroup="Copy 0 of Copy 3 of Copy 1 of Group 2" Stroke="#FFD4D4D4" StrokeThickness="1" StrokeDashArray="1 0 " Background="#FFF7F7F7" Size="25;25" RotationAngle="0" Foreground="#FF333333" BorderBrush="#FFD4D4D4" Thickness="0;0;0;0" FontSize="12" FontWeight="7" FontFamily="Segoe UI" Connectors="Auto:0.5;0.5,Left:0;0.5,Top:0.5;0,Right:1;0.5,Bottom:0.5;1," Geometry="M0.5,0.5L111.5,0.5L111.5,74.5L0.5,74.5z" QN="0" />
    <RadDiagramShape Type="Telerik.Windows.Controls.RadDiagramShape" Id="3b85af8a-15c8-4b0b-9ddc-1f31453feff6" ZIndex="1" Position="443;399.767087444648" ParentGroup="Copy 0 of Copy 3 of Copy 1 of Group 2" Stroke="#FFD4D4D4" StrokeThickness="1" StrokeDashArray="1 0 " Background="#FFF7F7F7" Size="25;25" RotationAngle="0" Foreground="#FF333333" BorderBrush="#FFD4D4D4" Thickness="0;0;0;0" FontSize="12" FontWeight="7" FontFamily="Segoe UI" Connectors="Auto:0.5;0.5,Left:0;0.5,Top:0.5;0,Right:1;0.5,Bottom:0.5;1," Geometry="M0.5,0.5L111.5,0.5L111.5,74.5L0.5,74.5z" QN="0" />
    <RadDiagramShape Type="Telerik.Windows.Controls.RadDiagramShape" Id="89c93a35-35fd-42f2-bf66-ee4e0dc7e568" ZIndex="1" Position="467;399.767087444648" ParentGroup="Copy 0 of Copy 3 of Copy 1 of Group 2" Stroke="#FFD4D4D4" StrokeThickness="1" StrokeDashArray="1 0 " Background="#FFF7F7F7" Size="25;25" RotationAngle="0" Foreground="#FF333333" BorderBrush="#FFD4D4D4" Thickness="0;0;0;0" FontSize="12" FontWeight="7" FontFamily="Segoe UI" Connectors="Auto:0.5;0.5,Left:0;0.5,Top:0.5;0,Right:1;0.5,Bottom:0.5;1," Geometry="M0.5,0.5L111.5,0.5L111.5,74.5L0.5,74.5z" QN="0" />
    <RadDiagramShape Type="Telerik.Windows.Controls.RadDiagramShape" Id="58961ba0-2cc9-4938-adc7-23dded6a1088" ZIndex="1" Position="323.431634060948;422.722222222222" ParentGroup="Copy 0 of Copy 3 of Copy 1 of Copy of Group 2" Stroke="#FFD4D4D4" StrokeThickness="1" StrokeDashArray="1 0 " Background="#FFF7F7F7" Size="25;25" RotationAngle="0" Foreground="#FF333333" BorderBrush="#FFD4D4D4" Thickness="0;0;0;0" FontSize="12" FontWeight="7" FontFamily="Segoe UI" Connectors="Auto:0.5;0.5,Left:0;0.5,Top:0.5;0,Right:1;0.5,Bottom:0.5;1," Geometry="M0.5,0.5L111.5,0.5L111.5,74.5L0.5,74.5z" QN="0" />
    <RadDiagramShape Type="Telerik.Windows.Controls.RadDiagramShape" Id="df00c346-f323-4f98-8dfa-efae8c4f133c" ZIndex="1" Position="347;422.678888888889" ParentGroup="Copy 0 of Copy 3 of Copy 1 of Copy of Group 2" Stroke="#FFD4D4D4" StrokeThickness="1" StrokeDashArray="1 0 " Background="#FFF7F7F7" Size="25;25" RotationAngle="0" Foreground="#FF333333" BorderBrush="#FFD4D4D4" Thickness="0;0;0;0" FontSize="12" FontWeight="7" FontFamily="Segoe UI" Connectors="Auto:0.5;0.5,Left:0;0.5,Top:0.5;0,Right:1;0.5,Bottom:0.5;1," Geometry="M0.5,0.5L111.5,0.5L111.5,74.5L0.5,74.5z" QN="0" />
    <RadDiagramShape Type="Telerik.Windows.Controls.RadDiagramShape" Id="8276189e-a9c0-4b35-b0b2-9216234e689e" ZIndex="1" Position="371;422.678888888889" ParentGroup="Copy 0 of Copy 3 of Copy 1 of Copy of Group 2" Stroke="#FFD4D4D4" StrokeThickness="1" StrokeDashArray="1 0 " Background="#FFF7F7F7" Size="25;25" RotationAngle="0" Foreground="#FF333333" BorderBrush="#FFD4D4D4" Thickness="0;0;0;0" FontSize="12" FontWeight="7" FontFamily="Segoe UI" Connectors="Auto:0.5;0.5,Left:0;0.5,Top:0.5;0,Right:1;0.5,Bottom:0.5;1," Geometry="M0.5,0.5L111.5,0.5L111.5,74.5L0.5,74.5z" QN="0" />
    <RadDiagramShape Type="Telerik.Windows.Controls.RadDiagramShape" Id="64adc5c2-7c87-4a8d-a839-8e63b6630a83" ZIndex="1" Position="395;422.722222222222" ParentGroup="Copy 0 of Copy 3 of Copy 1 of Copy of Group 2" Stroke="#FFD4D4D4" StrokeThickness="1" StrokeDashArray="1 0 " Background="#FFF7F7F7" Size="25;25" RotationAngle="0" Foreground="#FF333333" BorderBrush="#FFD4D4D4" Thickness="0;0;0;0" FontSize="12" FontWeight="7" FontFamily="Segoe UI" Connectors="Auto:0.5;0.5,Left:0;0.5,Top:0.5;0,Right:1;0.5,Bottom:0.5;1," Geometry="M0.5,0.5L111.5,0.5L111.5,74.5L0.5,74.5z" QN="0" />
    <RadDiagramShape Type="Telerik.Windows.Controls.RadDiagramShape" Id="ff9403aa-ea2b-4da1-8350-d28e81ecbaf2" ZIndex="1" Position="419;422.678888888889" ParentGroup="Copy 0 of Copy 3 of Copy 1 of Copy of Group 2" Stroke="#FFD4D4D4" StrokeThickness="1" StrokeDashArray="1 0 " Background="#FFF7F7F7" Size="25;25" RotationAngle="0" Foreground="#FF333333" BorderBrush="#FFD4D4D4" Thickness="0;0;0;0" FontSize="12" FontWeight="7" FontFamily="Segoe UI" Connectors="Auto:0.5;0.5,Left:0;0.5,Top:0.5;0,Right:1;0.5,Bottom:0.5;1," Geometry="M0.5,0.5L111.5,0.5L111.5,74.5L0.5,74.5z" QN="0" />
    <RadDiagramShape Type="Telerik.Windows.Controls.RadDiagramShape" Id="7680da2d-0aff-4aa9-87df-c29dcc914bbc" ZIndex="1" Position="443;422.722222222222" ParentGroup="Copy 0 of Copy 3 of Copy 1 of Copy of Group 2" Stroke="#FFD4D4D4" StrokeThickness="1" StrokeDashArray="1 0 " Background="#FFF7F7F7" Size="25;25" RotationAngle="0" Foreground="#FF333333" BorderBrush="#FFD4D4D4" Thickness="0;0;0;0" FontSize="12" FontWeight="7" FontFamily="Segoe UI" Connectors="Auto:0.5;0.5,Left:0;0.5,Top:0.5;0,Right:1;0.5,Bottom:0.5;1," Geometry="M0.5,0.5L111.5,0.5L111.5,74.5L0.5,74.5z" QN="0" />
    <RadDiagramShape Type="Telerik.Windows.Controls.RadDiagramShape" Id="dd48d10e-0711-4050-9fca-9cc9ff0cfae7" ZIndex="1" Position="467;422.722222222222" ParentGroup="Copy 0 of Copy 3 of Copy 1 of Copy of Group 2" Stroke="#FFD4D4D4" StrokeThickness="1" StrokeDashArray="1 0 " Background="#FFF7F7F7" Size="25;25" RotationAngle="0" Foreground="#FF333333" BorderBrush="#FFD4D4D4" Thickness="0;0;0;0" FontSize="12" FontWeight="7" FontFamily="Segoe UI" Connectors="Auto:0.5;0.5,Left:0;0.5,Top:0.5;0,Right:1;0.5,Bottom:0.5;1," Geometry="M0.5,0.5L111.5,0.5L111.5,74.5L0.5,74.5z" QN="0" />
    <RadDiagramShape Type="Telerik.Windows.Controls.RadDiagramShape" Id="8269fd4b-c97f-4c09-b97d-1dfb84571faa" ZIndex="1" Position="323.431634060948;446.178888888889" ParentGroup="Copy 0 of Copy 3 of Copy 1 of Copy of Copy of Group 2" Stroke="#FFD4D4D4" StrokeThickness="1" StrokeDashArray="1 0 " Background="#FFF7F7F7" Size="25;25" RotationAngle="0" Foreground="#FF333333" BorderBrush="#FFD4D4D4" Thickness="0;0;0;0" FontSize="12" FontWeight="7" FontFamily="Segoe UI" Connectors="Auto:0.5;0.5,Left:0;0.5,Top:0.5;0,Right:1;0.5,Bottom:0.5;1," Geometry="M0.5,0.5L111.5,0.5L111.5,74.5L0.5,74.5z" QN="0" />
    <RadDiagramShape Type="Telerik.Windows.Controls.RadDiagramShape" Id="4834eac0-71a4-4b34-aeb0-89f0865633f2" ZIndex="1" Position="347;446.135555555556" ParentGroup="Copy 0 of Copy 3 of Copy 1 of Copy of Copy of Group 2" Stroke="#FFD4D4D4" StrokeThickness="1" StrokeDashArray="1 0 " Background="#FFF7F7F7" Size="25;25" RotationAngle="0" Foreground="#FF333333" BorderBrush="#FFD4D4D4" Thickness="0;0;0;0" FontSize="12" FontWeight="7" FontFamily="Segoe UI" Connectors="Auto:0.5;0.5,Left:0;0.5,Top:0.5;0,Right:1;0.5,Bottom:0.5;1," Geometry="M0.5,0.5L111.5,0.5L111.5,74.5L0.5,74.5z" QN="0" />
    <RadDiagramShape Type="Telerik.Windows.Controls.RadDiagramShape" Id="36c9570f-4356-439c-8bc1-61975a307f9d" ZIndex="1" Position="371;446.135555555556" ParentGroup="Copy 0 of Copy 3 of Copy 1 of Copy of Copy of Group 2" Stroke="#FFD4D4D4" StrokeThickness="1" StrokeDashArray="1 0 " Background="#FFF7F7F7" Size="25;25" RotationAngle="0" Foreground="#FF333333" BorderBrush="#FFD4D4D4" Thickness="0;0;0;0" FontSize="12" FontWeight="7" FontFamily="Segoe UI" Connectors="Auto:0.5;0.5,Left:0;0.5,Top:0.5;0,Right:1;0.5,Bottom:0.5;1," Geometry="M0.5,0.5L111.5,0.5L111.5,74.5L0.5,74.5z" QN="0" />
    <RadDiagramShape Type="Telerik.Windows.Controls.RadDiagramShape" Id="9120a8d2-2563-440d-8039-77604c36562f" ZIndex="1" Position="395;446.178888888889" ParentGroup="Copy 0 of Copy 3 of Copy 1 of Copy of Copy of Group 2" Stroke="#FFD4D4D4" StrokeThickness="1" StrokeDashArray="1 0 " Background="#FFF7F7F7" Size="25;25" RotationAngle="0" Foreground="#FF333333" BorderBrush="#FFD4D4D4" Thickness="0;0;0;0" FontSize="12" FontWeight="7" FontFamily="Segoe UI" Connectors="Auto:0.5;0.5,Left:0;0.5,Top:0.5;0,Right:1;0.5,Bottom:0.5;1," Geometry="M0.5,0.5L111.5,0.5L111.5,74.5L0.5,74.5z" QN="0" />
    <RadDiagramShape Type="Telerik.Windows.Controls.RadDiagramShape" Id="df09f01c-39b8-4497-9b1e-474f2ece596d" ZIndex="1" Position="419;446.135555555556" ParentGroup="Copy 0 of Copy 3 of Copy 1 of Copy of Copy of Group 2" Stroke="#FFD4D4D4" StrokeThickness="1" StrokeDashArray="1 0 " Background="#FFF7F7F7" Size="25;25" RotationAngle="0" Foreground="#FF333333" BorderBrush="#FFD4D4D4" Thickness="0;0;0;0" FontSize="12" FontWeight="7" FontFamily="Segoe UI" Connectors="Auto:0.5;0.5,Left:0;0.5,Top:0.5;0,Right:1;0.5,Bottom:0.5;1," Geometry="M0.5,0.5L111.5,0.5L111.5,74.5L0.5,74.5z" QN="0" />
    <RadDiagramShape Type="Telerik.Windows.Controls.RadDiagramShape" Id="5ef51617-b6e8-4875-acdb-baffffb2a59f" ZIndex="1" Position="443;446.178888888889" ParentGroup="Copy 0 of Copy 3 of Copy 1 of Copy of Copy of Group 2" Stroke="#FFD4D4D4" StrokeThickness="1" StrokeDashArray="1 0 " Background="#FFF7F7F7" Size="25;25" RotationAngle="0" Foreground="#FF333333" BorderBrush="#FFD4D4D4" Thickness="0;0;0;0" FontSize="12" FontWeight="7" FontFamily="Segoe UI" Connectors="Auto:0.5;0.5,Left:0;0.5,Top:0.5;0,Right:1;0.5,Bottom:0.5;1," Geometry="M0.5,0.5L111.5,0.5L111.5,74.5L0.5,74.5z" QN="0" />
    <RadDiagramShape Type="Telerik.Windows.Controls.RadDiagramShape" Id="5551c3fc-8ab8-468c-b1d6-4f3a4708e166" ZIndex="1" Position="467;446.178888888889" ParentGroup="Copy 0 of Copy 3 of Copy 1 of Copy of Copy of Group 2" Stroke="#FFD4D4D4" StrokeThickness="1" StrokeDashArray="1 0 " Background="#FFF7F7F7" Size="25;25" RotationAngle="0" Foreground="#FF333333" BorderBrush="#FFD4D4D4" Thickness="0;0;0;0" FontSize="12" FontWeight="7" FontFamily="Segoe UI" Connectors="Auto:0.5;0.5,Left:0;0.5,Top:0.5;0,Right:1;0.5,Bottom:0.5;1," Geometry="M0.5,0.5L111.5,0.5L111.5,74.5L0.5,74.5z" QN="0" />
    <RadDiagramShape Type="Telerik.Windows.Controls.RadDiagramShape" Id="e018f437-fb60-4d21-a2e0-441e60d58cb2" ZIndex="1" Position="323.431634060948;470.178888888889" ParentGroup="Copy 0 of Copy 3 of Copy 1 of Copy of Copy of Copy of Group 2" Stroke="#FFD4D4D4" StrokeThickness="1" StrokeDashArray="1 0 " Background="#FFF7F7F7" Size="25;25" RotationAngle="0" Foreground="#FF333333" BorderBrush="#FFD4D4D4" Thickness="0;0;0;0" FontSize="12" FontWeight="7" FontFamily="Segoe UI" Connectors="Auto:0.5;0.5,Left:0;0.5,Top:0.5;0,Right:1;0.5,Bottom:0.5;1," Geometry="M0.5,0.5L111.5,0.5L111.5,74.5L0.5,74.5z" QN="0" />
    <RadDiagramShape Type="Telerik.Windows.Controls.RadDiagramShape" Id="d8d75a9d-f8f6-4e0e-9f91-fdafa3ae3409" ZIndex="1" Position="347;470.135555555556" ParentGroup="Copy 0 of Copy 3 of Copy 1 of Copy of Copy of Copy of Group 2" Stroke="#FFD4D4D4" StrokeThickness="1" StrokeDashArray="1 0 " Background="#FFF7F7F7" Size="25;25" RotationAngle="0" Foreground="#FF333333" BorderBrush="#FFD4D4D4" Thickness="0;0;0;0" FontSize="12" FontWeight="7" FontFamily="Segoe UI" Connectors="Auto:0.5;0.5,Left:0;0.5,Top:0.5;0,Right:1;0.5,Bottom:0.5;1," Geometry="M0.5,0.5L111.5,0.5L111.5,74.5L0.5,74.5z" QN="0" />
    <RadDiagramShape Type="Telerik.Windows.Controls.RadDiagramShape" Id="87eea5bb-0619-49e1-a191-e44ea14c4003" ZIndex="1" Position="371;470.135555555556" ParentGroup="Copy 0 of Copy 3 of Copy 1 of Copy of Copy of Copy of Group 2" Stroke="#FFD4D4D4" StrokeThickness="1" StrokeDashArray="1 0 " Background="#FFF7F7F7" Size="25;25" RotationAngle="0" Foreground="#FF333333" BorderBrush="#FFD4D4D4" Thickness="0;0;0;0" FontSize="12" FontWeight="7" FontFamily="Segoe UI" Connectors="Auto:0.5;0.5,Left:0;0.5,Top:0.5;0,Right:1;0.5,Bottom:0.5;1," Geometry="M0.5,0.5L111.5,0.5L111.5,74.5L0.5,74.5z" QN="0" />
    <RadDiagramShape Type="Telerik.Windows.Controls.RadDiagramShape" Id="27c13827-b08a-4cb1-aabe-c099a39fc8cc" ZIndex="1" Position="395;470.178888888889" ParentGroup="Copy 0 of Copy 3 of Copy 1 of Copy of Copy of Copy of Group 2" Stroke="#FFD4D4D4" StrokeThickness="1" StrokeDashArray="1 0 " Background="#FFF7F7F7" Size="25;25" RotationAngle="0" Foreground="#FF333333" BorderBrush="#FFD4D4D4" Thickness="0;0;0;0" FontSize="12" FontWeight="7" FontFamily="Segoe UI" Connectors="Auto:0.5;0.5,Left:0;0.5,Top:0.5;0,Right:1;0.5,Bottom:0.5;1," Geometry="M0.5,0.5L111.5,0.5L111.5,74.5L0.5,74.5z" QN="0" />
    <RadDiagramShape Type="Telerik.Windows.Controls.RadDiagramShape" Id="d9948843-f7a3-47be-90a9-6dcd2852c476" ZIndex="1" Position="419;470.135555555556" ParentGroup="Copy 0 of Copy 3 of Copy 1 of Copy of Copy of Copy of Group 2" Stroke="#FFD4D4D4" StrokeThickness="1" StrokeDashArray="1 0 " Background="#FFF7F7F7" Size="25;25" RotationAngle="0" Foreground="#FF333333" BorderBrush="#FFD4D4D4" Thickness="0;0;0;0" FontSize="12" FontWeight="7" FontFamily="Segoe UI" Connectors="Auto:0.5;0.5,Left:0;0.5,Top:0.5;0,Right:1;0.5,Bottom:0.5;1," Geometry="M0.5,0.5L111.5,0.5L111.5,74.5L0.5,74.5z" QN="0" />
    <RadDiagramShape Type="Telerik.Windows.Controls.RadDiagramShape" Id="bb7ea6a0-e040-4e9a-b14d-e732d40eca76" ZIndex="1" Position="443;470.178888888889" ParentGroup="Copy 0 of Copy 3 of Copy 1 of Copy of Copy of Copy of Group 2" Stroke="#FFD4D4D4" StrokeThickness="1" StrokeDashArray="1 0 " Background="#FFF7F7F7" Size="25;25" RotationAngle="0" Foreground="#FF333333" BorderBrush="#FFD4D4D4" Thickness="0;0;0;0" FontSize="12" FontWeight="7" FontFamily="Segoe UI" Connectors="Auto:0.5;0.5,Left:0;0.5,Top:0.5;0,Right:1;0.5,Bottom:0.5;1," Geometry="M0.5,0.5L111.5,0.5L111.5,74.5L0.5,74.5z" QN="0" />
    <RadDiagramShape Type="Telerik.Windows.Controls.RadDiagramShape" Id="f0e02b8d-f81d-4a75-8134-cde2a592291d" ZIndex="1" Position="467;470.178888888889" ParentGroup="Copy 0 of Copy 3 of Copy 1 of Copy of Copy of Copy of Group 2" Stroke="#FFD4D4D4" StrokeThickness="1" StrokeDashArray="1 0 " Background="#FFF7F7F7" Size="25;25" RotationAngle="0" Foreground="#FF333333" BorderBrush="#FFD4D4D4" Thickness="0;0;0;0" FontSize="12" FontWeight="7" FontFamily="Segoe UI" Connectors="Auto:0.5;0.5,Left:0;0.5,Top:0.5;0,Right:1;0.5,Bottom:0.5;1," Geometry="M0.5,0.5L111.5,0.5L111.5,74.5L0.5,74.5z" QN="0" />
    <RadDiagramShape Type="Telerik.Windows.Controls.RadDiagramShape" Id="9e7d4afe-4c53-4dcf-8a5f-ca3d1e8b9540" ZIndex="1" Position="323.431634060948;493.678888888889" ParentGroup="Copy 0 of Copy 3 of Copy 1 of Copy of Copy of Copy of Copy of Group 2" Stroke="#FFD4D4D4" StrokeThickness="1" StrokeDashArray="1 0 " Background="#FFF7F7F7" Size="25;25" RotationAngle="0" Foreground="#FF333333" BorderBrush="#FFD4D4D4" Thickness="0;0;0;0" FontSize="12" FontWeight="7" FontFamily="Segoe UI" Connectors="Auto:0.5;0.5,Left:0;0.5,Top:0.5;0,Right:1;0.5,Bottom:0.5;1," Geometry="M0.5,0.5L111.5,0.5L111.5,74.5L0.5,74.5z" QN="0" />
    <RadDiagramShape Type="Telerik.Windows.Controls.RadDiagramShape" Id="cded9ae6-fcf7-4880-b231-45638d75e0ee" ZIndex="1" Position="347;493.635555555556" ParentGroup="Copy 0 of Copy 3 of Copy 1 of Copy of Copy of Copy of Copy of Group 2" Stroke="#FFD4D4D4" StrokeThickness="1" StrokeDashArray="1 0 " Background="#FFF7F7F7" Size="25;25" RotationAngle="0" Foreground="#FF333333" BorderBrush="#FFD4D4D4" Thickness="0;0;0;0" FontSize="12" FontWeight="7" FontFamily="Segoe UI" Connectors="Auto:0.5;0.5,Left:0;0.5,Top:0.5;0,Right:1;0.5,Bottom:0.5;1," Geometry="M0.5,0.5L111.5,0.5L111.5,74.5L0.5,74.5z" QN="0" />
    <RadDiagramShape Type="Telerik.Windows.Controls.RadDiagramShape" Id="ec2170b9-11dd-4035-b147-270405dc4421" ZIndex="1" Position="371;493.635555555556" ParentGroup="Copy 0 of Copy 3 of Copy 1 of Copy of Copy of Copy of Copy of Group 2" Stroke="#FFD4D4D4" StrokeThickness="1" StrokeDashArray="1 0 " Background="#FFF7F7F7" Size="25;25" RotationAngle="0" Foreground="#FF333333" BorderBrush="#FFD4D4D4" Thickness="0;0;0;0" FontSize="12" FontWeight="7" FontFamily="Segoe UI" Connectors="Auto:0.5;0.5,Left:0;0.5,Top:0.5;0,Right:1;0.5,Bottom:0.5;1," Geometry="M0.5,0.5L111.5,0.5L111.5,74.5L0.5,74.5z" QN="0" />
    <RadDiagramShape Type="Telerik.Windows.Controls.RadDiagramShape" Id="e839cf5a-1858-4e1b-ad27-df0c566d6e07" ZIndex="1" Position="395;493.678888888889" ParentGroup="Copy 0 of Copy 3 of Copy 1 of Copy of Copy of Copy of Copy of Group 2" Stroke="#FFD4D4D4" StrokeThickness="1" StrokeDashArray="1 0 " Background="#FFF7F7F7" Size="25;25" RotationAngle="0" Foreground="#FF333333" BorderBrush="#FFD4D4D4" Thickness="0;0;0;0" FontSize="12" FontWeight="7" FontFamily="Segoe UI" Connectors="Auto:0.5;0.5,Left:0;0.5,Top:0.5;0,Right:1;0.5,Bottom:0.5;1," Geometry="M0.5,0.5L111.5,0.5L111.5,74.5L0.5,74.5z" QN="0" />
    <RadDiagramShape Type="Telerik.Windows.Controls.RadDiagramShape" Id="c629009d-9bf1-4c6f-a9c0-46e6d1c17f08" ZIndex="1" Position="419;493.635555555556" ParentGroup="Copy 0 of Copy 3 of Copy 1 of Copy of Copy of Copy of Copy of Group 2" Stroke="#FFD4D4D4" StrokeThickness="1" StrokeDashArray="1 0 " Background="#FFF7F7F7" Size="25;25" RotationAngle="0" Foreground="#FF333333" BorderBrush="#FFD4D4D4" Thickness="0;0;0;0" FontSize="12" FontWeight="7" FontFamily="Segoe UI" Connectors="Auto:0.5;0.5,Left:0;0.5,Top:0.5;0,Right:1;0.5,Bottom:0.5;1," Geometry="M0.5,0.5L111.5,0.5L111.5,74.5L0.5,74.5z" QN="0" />
    <RadDiagramShape Type="Telerik.Windows.Controls.RadDiagramShape" Id="b7f19324-5e9a-4f62-93e8-c73ddc6d0d15" ZIndex="1" Position="443;493.678888888889" ParentGroup="Copy 0 of Copy 3 of Copy 1 of Copy of Copy of Copy of Copy of Group 2" Stroke="#FFD4D4D4" StrokeThickness="1" StrokeDashArray="1 0 " Background="#FFF7F7F7" Size="25;25" RotationAngle="0" Foreground="#FF333333" BorderBrush="#FFD4D4D4" Thickness="0;0;0;0" FontSize="12" FontWeight="7" FontFamily="Segoe UI" Connectors="Auto:0.5;0.5,Left:0;0.5,Top:0.5;0,Right:1;0.5,Bottom:0.5;1," Geometry="M0.5,0.5L111.5,0.5L111.5,74.5L0.5,74.5z" QN="0" />
    <RadDiagramShape Type="Telerik.Windows.Controls.RadDiagramShape" Id="76ed6335-ac14-4a8b-9c5f-7aa8caa66cd9" ZIndex="1" Position="467;493.678888888889" ParentGroup="Copy 0 of Copy 3 of Copy 1 of Copy of Copy of Copy of Copy of Group 2" Stroke="#FFD4D4D4" StrokeThickness="1" StrokeDashArray="1 0 " Background="#FFF7F7F7" Size="25;25" RotationAngle="0" Foreground="#FF333333" BorderBrush="#FFD4D4D4" Thickness="0;0;0;0" FontSize="12" FontWeight="7" FontFamily="Segoe UI" Connectors="Auto:0.5;0.5,Left:0;0.5,Top:0.5;0,Right:1;0.5,Bottom:0.5;1," Geometry="M0.5,0.5L111.5,0.5L111.5,74.5L0.5,74.5z" QN="0" />
    <RadDiagramShape Type="Telerik.Windows.Controls.RadDiagramShape" Id="86f006b3-7492-43af-b704-c8dc8f52f7d0" ZIndex="1" Position="323.431634060948;517.178888888889" ParentGroup="Copy 0 of Copy 3 of Copy 1 of Copy of Copy of Copy of Copy of Copy of Group 2" Stroke="#FFD4D4D4" StrokeThickness="1" StrokeDashArray="1 0 " Background="#FFF7F7F7" Size="25;25" RotationAngle="0" Foreground="#FF333333" BorderBrush="#FFD4D4D4" Thickness="0;0;0;0" FontSize="12" FontWeight="7" FontFamily="Segoe UI" Connectors="Auto:0.5;0.5,Left:0;0.5,Top:0.5;0,Right:1;0.5,Bottom:0.5;1," Geometry="M0.5,0.5L111.5,0.5L111.5,74.5L0.5,74.5z" QN="0" />
    <RadDiagramShape Type="Telerik.Windows.Controls.RadDiagramShape" Id="3328df6c-7045-455a-bbe3-e610bad7a64d" ZIndex="1" Position="347;517.135555555556" ParentGroup="Copy 0 of Copy 3 of Copy 1 of Copy of Copy of Copy of Copy of Copy of Group 2" Stroke="#FFD4D4D4" StrokeThickness="1" StrokeDashArray="1 0 " Background="#FFF7F7F7" Size="25;25" RotationAngle="0" Foreground="#FF333333" BorderBrush="#FFD4D4D4" Thickness="0;0;0;0" FontSize="12" FontWeight="7" FontFamily="Segoe UI" Connectors="Auto:0.5;0.5,Left:0;0.5,Top:0.5;0,Right:1;0.5,Bottom:0.5;1," Geometry="M0.5,0.5L111.5,0.5L111.5,74.5L0.5,74.5z" QN="0" />
    <RadDiagramShape Type="Telerik.Windows.Controls.RadDiagramShape" Id="c104f08a-00d9-4bf7-ac6f-319de83098db" ZIndex="1" Position="371;517.135555555556" ParentGroup="Copy 0 of Copy 3 of Copy 1 of Copy of Copy of Copy of Copy of Copy of Group 2" Stroke="#FFD4D4D4" StrokeThickness="1" StrokeDashArray="1 0 " Background="#FFF7F7F7" Size="25;25" RotationAngle="0" Foreground="#FF333333" BorderBrush="#FFD4D4D4" Thickness="0;0;0;0" FontSize="12" FontWeight="7" FontFamily="Segoe UI" Connectors="Auto:0.5;0.5,Left:0;0.5,Top:0.5;0,Right:1;0.5,Bottom:0.5;1," Geometry="M0.5,0.5L111.5,0.5L111.5,74.5L0.5,74.5z" QN="0" />
    <RadDiagramShape Type="Telerik.Windows.Controls.RadDiagramShape" Id="5d7c3bfa-465c-49df-af93-aa566e75abab" ZIndex="1" Position="395;517.178888888889" ParentGroup="Copy 0 of Copy 3 of Copy 1 of Copy of Copy of Copy of Copy of Copy of Group 2" Stroke="#FFD4D4D4" StrokeThickness="1" StrokeDashArray="1 0 " Background="#FFF7F7F7" Size="25;25" RotationAngle="0" Foreground="#FF333333" BorderBrush="#FFD4D4D4" Thickness="0;0;0;0" FontSize="12" FontWeight="7" FontFamily="Segoe UI" Connectors="Auto:0.5;0.5,Left:0;0.5,Top:0.5;0,Right:1;0.5,Bottom:0.5;1," Geometry="M0.5,0.5L111.5,0.5L111.5,74.5L0.5,74.5z" QN="0" />
    <RadDiagramShape Type="Telerik.Windows.Controls.RadDiagramShape" Id="e9701c86-f180-4e66-9c37-3481034f0357" ZIndex="1" Position="419;517.135555555556" ParentGroup="Copy 0 of Copy 3 of Copy 1 of Copy of Copy of Copy of Copy of Copy of Group 2" Stroke="#FFD4D4D4" StrokeThickness="1" StrokeDashArray="1 0 " Background="#FFF7F7F7" Size="25;25" RotationAngle="0" Foreground="#FF333333" BorderBrush="#FFD4D4D4" Thickness="0;0;0;0" FontSize="12" FontWeight="7" FontFamily="Segoe UI" Connectors="Auto:0.5;0.5,Left:0;0.5,Top:0.5;0,Right:1;0.5,Bottom:0.5;1," Geometry="M0.5,0.5L111.5,0.5L111.5,74.5L0.5,74.5z" QN="0" />
    <RadDiagramShape Type="Telerik.Windows.Controls.RadDiagramShape" Id="5604aeb3-3fc7-4a99-91ba-40834aff6d86" ZIndex="1" Position="443;517.178888888889" ParentGroup="Copy 0 of Copy 3 of Copy 1 of Copy of Copy of Copy of Copy of Copy of Group 2" Stroke="#FFD4D4D4" StrokeThickness="1" StrokeDashArray="1 0 " Background="#FFF7F7F7" Size="25;25" RotationAngle="0" Foreground="#FF333333" BorderBrush="#FFD4D4D4" Thickness="0;0;0;0" FontSize="12" FontWeight="7" FontFamily="Segoe UI" Connectors="Auto:0.5;0.5,Left:0;0.5,Top:0.5;0,Right:1;0.5,Bottom:0.5;1," Geometry="M0.5,0.5L111.5,0.5L111.5,74.5L0.5,74.5z" QN="0" />
    <RadDiagramShape Type="Telerik.Windows.Controls.RadDiagramShape" Id="70c04e9d-2fd7-4339-ba05-2530217c64ba" ZIndex="1" Position="467;517.178888888889" ParentGroup="Copy 0 of Copy 3 of Copy 1 of Copy of Copy of Copy of Copy of Copy of Group 2" Stroke="#FFD4D4D4" StrokeThickness="1" StrokeDashArray="1 0 " Background="#FFF7F7F7" Size="25;25" RotationAngle="0" Foreground="#FF333333" BorderBrush="#FFD4D4D4" Thickness="0;0;0;0" FontSize="12" FontWeight="7" FontFamily="Segoe UI" Connectors="Auto:0.5;0.5,Left:0;0.5,Top:0.5;0,Right:1;0.5,Bottom:0.5;1," Geometry="M0.5,0.5L111.5,0.5L111.5,74.5L0.5,74.5z" QN="0" />
    <RadDiagramShape Type="Telerik.Windows.Controls.RadDiagramShape" Id="f61ecbf5-a7fc-49a4-b4d0-dfc1ff672634" ZIndex="1" Position="323.431634060948;541.178888888889" ParentGroup="Copy 0 of Copy 3 of Copy 1 of Copy of Copy of Copy of Copy of Copy of Copy of Group 2" Stroke="#FFD4D4D4" StrokeThickness="1" StrokeDashArray="1 0 " Background="#FFF7F7F7" Size="25;25" RotationAngle="0" Foreground="#FF333333" BorderBrush="#FFD4D4D4" Thickness="0;0;0;0" FontSize="12" FontWeight="7" FontFamily="Segoe UI" Connectors="Auto:0.5;0.5,Left:0;0.5,Top:0.5;0,Right:1;0.5,Bottom:0.5;1," Geometry="M0.5,0.5L111.5,0.5L111.5,74.5L0.5,74.5z" QN="0" />
    <RadDiagramShape Type="Telerik.Windows.Controls.RadDiagramShape" Id="50ff59e8-7193-401d-8ca0-a45a9a4dc58f" ZIndex="1" Position="347;541.135555555556" ParentGroup="Copy 0 of Copy 3 of Copy 1 of Copy of Copy of Copy of Copy of Copy of Copy of Group 2" Stroke="#FFD4D4D4" StrokeThickness="1" StrokeDashArray="1 0 " Background="#FFF7F7F7" Size="25;25" RotationAngle="0" Foreground="#FF333333" BorderBrush="#FFD4D4D4" Thickness="0;0;0;0" FontSize="12" FontWeight="7" FontFamily="Segoe UI" Connectors="Auto:0.5;0.5,Left:0;0.5,Top:0.5;0,Right:1;0.5,Bottom:0.5;1," Geometry="M0.5,0.5L111.5,0.5L111.5,74.5L0.5,74.5z" QN="0" />
    <RadDiagramShape Type="Telerik.Windows.Controls.RadDiagramShape" Id="1cd6daed-56cd-4c34-b417-5f0eb0797684" ZIndex="1" Position="371;541.135555555556" ParentGroup="Copy 0 of Copy 3 of Copy 1 of Copy of Copy of Copy of Copy of Copy of Copy of Group 2" Stroke="#FFD4D4D4" StrokeThickness="1" StrokeDashArray="1 0 " Background="#FFF7F7F7" Size="25;25" RotationAngle="0" Foreground="#FF333333" BorderBrush="#FFD4D4D4" Thickness="0;0;0;0" FontSize="12" FontWeight="7" FontFamily="Segoe UI" Connectors="Auto:0.5;0.5,Left:0;0.5,Top:0.5;0,Right:1;0.5,Bottom:0.5;1," Geometry="M0.5,0.5L111.5,0.5L111.5,74.5L0.5,74.5z" QN="0" />
    <RadDiagramShape Type="Telerik.Windows.Controls.RadDiagramShape" Id="d00d3885-1946-4f6f-aab1-1dbea95f609a" ZIndex="1" Position="395;541.178888888889" ParentGroup="Copy 0 of Copy 3 of Copy 1 of Copy of Copy of Copy of Copy of Copy of Copy of Group 2" Stroke="#FFD4D4D4" StrokeThickness="1" StrokeDashArray="1 0 " Background="#FFF7F7F7" Size="25;25" RotationAngle="0" Foreground="#FF333333" BorderBrush="#FFD4D4D4" Thickness="0;0;0;0" FontSize="12" FontWeight="7" FontFamily="Segoe UI" Connectors="Auto:0.5;0.5,Left:0;0.5,Top:0.5;0,Right:1;0.5,Bottom:0.5;1," Geometry="M0.5,0.5L111.5,0.5L111.5,74.5L0.5,74.5z" QN="0" />
    <RadDiagramShape Type="Telerik.Windows.Controls.RadDiagramShape" Id="591a9b13-bb8d-486f-98a5-45cbafd17baf" ZIndex="1" Position="419;541.135555555556" ParentGroup="Copy 0 of Copy 3 of Copy 1 of Copy of Copy of Copy of Copy of Copy of Copy of Group 2" Stroke="#FFD4D4D4" StrokeThickness="1" StrokeDashArray="1 0 " Background="#FFF7F7F7" Size="25;25" RotationAngle="0" Foreground="#FF333333" BorderBrush="#FFD4D4D4" Thickness="0;0;0;0" FontSize="12" FontWeight="7" FontFamily="Segoe UI" Connectors="Auto:0.5;0.5,Left:0;0.5,Top:0.5;0,Right:1;0.5,Bottom:0.5;1," Geometry="M0.5,0.5L111.5,0.5L111.5,74.5L0.5,74.5z" QN="0" />
    <RadDiagramShape Type="Telerik.Windows.Controls.RadDiagramShape" Id="147959b9-c0e9-4ec1-a1f6-f3441e82c318" ZIndex="1" Position="443;541.178888888889" ParentGroup="Copy 0 of Copy 3 of Copy 1 of Copy of Copy of Copy of Copy of Copy of Copy of Group 2" Stroke="#FFD4D4D4" StrokeThickness="1" StrokeDashArray="1 0 " Background="#FFF7F7F7" Size="25;25" RotationAngle="0" Foreground="#FF333333" BorderBrush="#FFD4D4D4" Thickness="0;0;0;0" FontSize="12" FontWeight="7" FontFamily="Segoe UI" Connectors="Auto:0.5;0.5,Left:0;0.5,Top:0.5;0,Right:1;0.5,Bottom:0.5;1," Geometry="M0.5,0.5L111.5,0.5L111.5,74.5L0.5,74.5z" QN="0" />
    <RadDiagramShape Type="Telerik.Windows.Controls.RadDiagramShape" Id="104a6305-a30b-4512-aa73-c6c6f3a8261b" ZIndex="1" Position="467;541.178888888889" ParentGroup="Copy 0 of Copy 3 of Copy 1 of Copy of Copy of Copy of Copy of Copy of Copy of Group 2" Stroke="#FFD4D4D4" StrokeThickness="1" StrokeDashArray="1 0 " Background="#FFF7F7F7" Size="25;25" RotationAngle="0" Foreground="#FF333333" BorderBrush="#FFD4D4D4" Thickness="0;0;0;0" FontSize="12" FontWeight="7" FontFamily="Segoe UI" Connectors="Auto:0.5;0.5,Left:0;0.5,Top:0.5;0,Right:1;0.5,Bottom:0.5;1," Geometry="M0.5,0.5L111.5,0.5L111.5,74.5L0.5,74.5z" QN="0" />
    <RadDiagramShape Type="Telerik.Windows.Controls.RadDiagramShape" Id="7af3d290-e96c-4b3c-8f28-b9350e29f706" ZIndex="5" Position="768.13055555555;202.397331563315" ParentGroup="Copy 0 of Copy 3 of Copy 1 of Group 14" Stroke="#FF005857" StrokeThickness="1" StrokeDashArray="1 0 " Background="#FF15ACA9" Size="10;47" RotationAngle="0" Foreground="#FF333333" BorderBrush="#FF005857" Thickness="0;0;0;0" FontSize="12" FontWeight="7" FontFamily="Segoe UI" Connectors="Auto:0.5;0.5,Left:0;0.5,Top:0.5;0,Right:1;0.5,Bottom:0.5;1," Geometry="M0.5,0.5L111.5,0.5L111.5,74.5L0.5,74.5z" QN="0" />
    <RadDiagramShape Type="Telerik.Windows.Controls.RadDiagramShape" Id="d9289a91-fde4-43d5-8a14-913938ecc294" ZIndex="26" Position="641.2528374387;465.62768930913" ParentGroup="Copy 0 of Copy 3 of Copy 1 of Group 23" Stroke="#FF351F00" StrokeThickness="1" StrokeDashArray="1 0 " Background="#FF986827" Size="122.292778015137;53.8333320617676" RotationAngle="0" Content="" Foreground="#FF333333" BorderBrush="#FF351F00" Thickness="0;0;0;0" FontSize="12" FontWeight="7" FontFamily="Segoe UI" Connectors="Auto:0.5;0.5,Left:0;0.5,Top:0.5;0,Right:1;0.5,Bottom:0.5;1," Geometry="M0.5,0.5L111.5,0.5L111.5,74.5L0.5,74.5z" QN="0" />
    <RadDiagramShape Type="Telerik.Windows.Controls.RadDiagramShape" Id="b4dafef0-5925-4519-ab5b-57e7353fb109" ZIndex="1" Position="913.58154208438;435.487840755639" ParentGroup="Copy 0 of Copy 3 of Group 2" Stroke="#FF597A7A" StrokeThickness="1" StrokeDashArray="1 0 " Background="#FF88BDBE" Size="21.6631278991699;61.4731826782227" RotationAngle="0" Foreground="#FF333333" BorderBrush="#FF597A7A" Thickness="0;0;0;0" FontSize="12" FontWeight="7" FontFamily="Segoe UI" Connectors="Auto:0.5;0.5,Left:0;0.5,Top:0.5;0,Right:1;0.5,Bottom:0.5;1," Geometry="M0.5,0.5L111.5,0.5L111.5,74.5L0.5,74.5z" QN="0" />
    <RadDiagramShape Type="Telerik.Windows.Controls.RadDiagramShape" Id="5890f68c-cebe-405a-97eb-ca65e7cfdb31" ZIndex="1" Position="326.881272760852;443.461022642464" ParentGroup="Copy 0 of Group 10" Stroke="#FF00537A" StrokeThickness="1" StrokeDashArray="1 0 " Background="#FF23A0DA" Size="39;52.5" RotationAngle="0" Foreground="#FF333333" BorderBrush="#FF00537A" Thickness="0;0;0;0" FontSize="12" FontWeight="7" FontFamily="Segoe UI" Connectors="Auto:0.5;0.5,Left:0;0.5,Top:0.5;0,Right:1;0.5,Bottom:0.5;1," Geometry="M0.5,0.5L111.5,0.5L111.5,74.5L0.5,74.5z" QN="0" />
    <RadDiagramShape Type="Telerik.Windows.Controls.RadDiagramShape" Id="d77ab093-285b-40a8-a856-9ed27cf6924d" ZIndex="1" Position="323.94522879518;455.135555555556" ParentGroup="Copy 0 of Group 10" Stroke="#FF00537A" StrokeThickness="1" StrokeDashArray="1 0 " Background="#FF23A0DA" Size="45;30" RotationAngle="90" Foreground="#FF333333" BorderBrush="#FF00537A" Thickness="0;0;0;0" FontSize="12" FontWeight="7" FontFamily="Segoe UI" Connectors="Auto:0.5;0.5,Left:0;0.5,Top:0.5;0,Right:1;0.5,Bottom:0.5;1," Geometry="M20.5,0.5L54.5,0.5L54.5,0.5L55,0.5C65.5,0.5 74.5,9 74.5,20C74.5,30 65,39.5 55,39.5L54.5,39.5L54.5,39.5L20.5,39.5L20.5,39.5L20,39.5C9,39.5 0.5,30 0.5,20C0.5,9 9,0.5 20,0.5L20.5,0.5z" QN="0" />
    <RadDiagramShape Type="Telerik.Windows.Controls.RadDiagramShape" Id="b815ceff-1a69-4e5c-a7d9-49172cbf3566" ZIndex="1" Position="919.1;206.522222222222" ParentGroup="Copy 0 of Copy 3 of Copy 1 of Group 16" Stroke="#FF351F00" StrokeThickness="1" StrokeDashArray="1 0 " Background="#FF986827" Size="125;7" RotationAngle="0" Foreground="#FF333333" BorderBrush="#FF351F00" Thickness="0;0;0;0" FontSize="12" FontWeight="7" FontFamily="Segoe UI" Connectors="Auto:0.5;0.5,Left:0;0.5,Top:0.5;0,Right:1;0.5,Bottom:0.5;1," Geometry="M0.5,0.5L111.5,0.5L111.5,74.5L0.5,74.5z" QN="0" />
    <RadDiagramShape Type="Telerik.Windows.Controls.RadDiagramShape" Id="dabc3bbf-3df5-4416-a848-dbcf4443d127" ZIndex="1" Position="926.67783743871;265.191546635896" ParentGroup="Copy 0 of Copy 3 of Copy 1 of Group 16" Stroke="#FF005857" StrokeThickness="1" StrokeDashArray="1 0 " Background="#FF15ACA9" Size="108.47021484375;95.1780090332031" RotationAngle="0" Content="" Foreground="#FF333333" BorderBrush="#FF005857" Thickness="0;0;0;0" FontSize="12" FontWeight="7" FontFamily="Segoe UI" Connectors="Auto:0.5;0.5,Left:0;0.5,Top:0.5;0,Right:1;0.5,Bottom:0.5;1," Geometry="M0.5,0.5L111.5,0.5L111.5,74.5L0.5,74.5z" QN="0" />
    <RadDiagramShape Type="Telerik.Windows.Controls.RadDiagramShape" Id="03602a37-a9ca-4265-8403-6bf4247d9e59" ZIndex="1" Position="650.95485841216;274.6543805165" Stroke="#FF351F00" StrokeThickness="1" StrokeDashArray="1 0 " Background="#FF986827" Size="96.2118072509766;48.1375045776367" RotationAngle="0" Foreground="#FF333333" BorderBrush="#FF351F00" Thickness="0;0;0;0" FontSize="12" FontWeight="7" FontFamily="Segoe UI" Connectors="Auto:0.5;0.5,Left:0;0.5,Top:0.5;0,Right:1;0.5,Bottom:0.5;1," Geometry="M0.5,0.5L111.5,0.5L111.5,74.5L0.5,74.5z" QN="0" />
    <RadDiagramShape Type="Telerik.Windows.Controls.RadDiagramShape" Id="583136ee-1f61-4f29-9d62-59e33d6563ec" ZIndex="13" Position="493;224.191546635896" Stroke="#FF121212" StrokeThickness="1" StrokeDashArray="1 0 " Background="#FF474747" Size="10;81" RotationAngle="0" Content="" Foreground="#FF333333" BorderBrush="#FF121212" Thickness="0;0;0;0" FontSize="12" FontWeight="7" FontFamily="Segoe UI" Connectors="Auto:0.5;0.5,Left:0;0.5,Top:0.5;0,Right:1;0.5,Bottom:0.5;1," Geometry="M0.5,0.5L111.5,0.5L111.5,74.5L0.5,74.5z" QN="0" />
    <RadDiagramShape Type="Telerik.Windows.Controls.RadDiagramShape" Id="5c928a47-55a4-4881-8fdf-81ed9e303cd5" ZIndex="5" Position="586.81609369986;245.686641507322" ParentGroup="Copy 0 of Copy 3 of Copy 1 of Group 15" Stroke="#FF005857" StrokeThickness="1" StrokeDashArray="1 0 " Background="#FF15ACA9" Size="10;47" RotationAngle="278" Foreground="#FF333333" BorderBrush="#FF005857" Thickness="0;0;0;0" FontSize="12" FontWeight="7" FontFamily="Segoe UI" Connectors="Auto:0.5;0.5,Left:0;0.5,Top:0.5;0,Right:1;0.5,Bottom:0.5;1," Geometry="M0.5,0.5L111.5,0.5L111.5,74.5L0.5,74.5z" QN="0" />
    <RadDiagramShape Type="Telerik.Windows.Controls.RadDiagramShape" Id="40066902-d27f-45af-be5e-0721f9f9dec4" ZIndex="1" Position="565.31730231334;269.221689427761" ParentGroup="Copy 0 of Copy 3 of Copy 1 of Group 15" Stroke="#FF005857" StrokeThickness="1" StrokeDashArray="1 0 " Background="#FF15ACA9" Size="50;50" RotationAngle="278" Foreground="#FF333333" BorderBrush="#FF005857" Thickness="0;0;0;0" FontSize="12" FontWeight="7" FontFamily="Segoe UI" Connectors="Auto:0.5;0.5,Left:0;0.5,Top:0.5;0,Right:1;0.5,Bottom:0.5;1," Geometry="M0.5,0.5L111.5,0.5L111.5,74.5L0.5,74.5z" QN="0" />
    <RadDiagramShape Type="Telerik.Windows.Controls.RadDiagramShape" Id="a267c1c3-c05e-4c98-be38-e1deb1f16e88" ZIndex="5" Position="580.42608413185;294.615062245797" ParentGroup="Copy 0 of Copy 3 of Copy 1 of Group 15" Stroke="#FF005857" StrokeThickness="1" StrokeDashArray="1 0 " Background="#FF15ACA9" Size="10;46.9833641052246" RotationAngle="278" Foreground="#FF333333" BorderBrush="#FF005857" Thickness="0;0;0;0" FontSize="12" FontWeight="7" FontFamily="Segoe UI" Connectors="Auto:0.5;0.5,Left:0;0.5,Top:0.5;0,Right:1;0.5,Bottom:0.5;1," Geometry="M0.5,0.5L111.5,0.5L111.5,74.5L0.5,74.5z" QN="0" />
    <RadDiagramShape Type="Telerik.Windows.Controls.RadDiagramShape" Id="2950ea9a-bf5c-42f7-8740-fa16ef83404b" ZIndex="6" Position="536.60305898954;282.152143208335" ParentGroup="Copy 0 of Copy 3 of Copy 1 of Group 15" Stroke="#FF005857" StrokeThickness="1" StrokeDashArray="1 0 " Background="#FF15ACA9" Size="52.5666656494141;15.9166355133057" RotationAngle="278" Foreground="#FF333333" BorderBrush="#FF005857" Thickness="0;0;0;0" FontSize="12" FontWeight="7" FontFamily="Segoe UI" Connectors="Auto:0.5;0.5,Left:0;0.5,Top:0.5;0,Right:1;0.5,Bottom:0.5;1," Geometry="M0.5,0.5L111.5,0.5L111.5,74.5L0.5,74.5z" QN="0" />
    <RadDiagramShape Type="Telerik.Windows.Controls.RadDiagramShape" Id="ea3c8f86-9967-4ed4-9b35-bab71edd0ca4" ZIndex="5" Position="809.24736095342;294.433712300264" ParentGroup="Copy 0 of Copy 3 of Copy 1 of Copy of Group 15" Stroke="#FF005857" StrokeThickness="1" StrokeDashArray="1 0 " Background="#FF15ACA9" Size="10;47" RotationAngle="83" Foreground="#FF333333" BorderBrush="#FF005857" Thickness="0;0;0;0" FontSize="12" FontWeight="7" FontFamily="Segoe UI" Connectors="Auto:0.5;0.5,Left:0;0.5,Top:0.5;0,Right:1;0.5,Bottom:0.5;1," Geometry="M0.5,0.5L111.5,0.5L111.5,74.5L0.5,74.5z" QN="0" />
    <RadDiagramShape Type="Telerik.Windows.Controls.RadDiagramShape" Id="301ad893-0a4b-4323-bcac-7e992f9d14e2" ZIndex="1" Position="784.21553506502;268.36379719606" ParentGroup="Copy 0 of Copy 3 of Copy 1 of Copy of Group 15" Stroke="#FF005857" StrokeThickness="1" StrokeDashArray="1 0 " Background="#FF15ACA9" Size="50;50" RotationAngle="83" Foreground="#FF333333" BorderBrush="#FF005857" Thickness="0;0;0;0" FontSize="12" FontWeight="7" FontFamily="Segoe UI" Connectors="Auto:0.5;0.5,Left:0;0.5,Top:0.5;0,Right:1;0.5,Bottom:0.5;1," Geometry="M0.5,0.5L111.5,0.5L111.5,74.5L0.5,74.5z" QN="0" />
    <RadDiagramShape Type="Telerik.Windows.Controls.RadDiagramShape" Id="eca537a5-fbd5-49c1-b91d-fe6927af04fd" ZIndex="5" Position="802.75818188947;245.534983018936" ParentGroup="Copy 0 of Copy 3 of Copy 1 of Copy of Group 15" Stroke="#FF005857" StrokeThickness="1" StrokeDashArray="1 0 " Background="#FF15ACA9" Size="10;46.9833641052246" RotationAngle="83" Foreground="#FF333333" BorderBrush="#FF005857" Thickness="0;0;0;0" FontSize="12" FontWeight="7" FontFamily="Segoe UI" Connectors="Auto:0.5;0.5,Left:0;0.5,Top:0.5;0,Right:1;0.5,Bottom:0.5;1," Geometry="M0.5,0.5L111.5,0.5L111.5,74.5L0.5,74.5z" QN="0" />
    <RadDiagramShape Type="Telerik.Windows.Controls.RadDiagramShape" Id="15f62d44-84f0-4c61-8915-54c4980b3fd6" ZIndex="6" Position="810.49249035088;282.276979227875" ParentGroup="Copy 0 of Copy 3 of Copy 1 of Copy of Group 15" Stroke="#FF005857" StrokeThickness="1" StrokeDashArray="1 0 " Background="#FF15ACA9" Size="52.5666656494141;15.9166355133057" RotationAngle="83" Foreground="#FF333333" BorderBrush="#FF005857" Thickness="0;0;0;0" FontSize="12" FontWeight="7" FontFamily="Segoe UI" Connectors="Auto:0.5;0.5,Left:0;0.5,Top:0.5;0,Right:1;0.5,Bottom:0.5;1," Geometry="M0.5,0.5L111.5,0.5L111.5,74.5L0.5,74.5z" QN="0" />
    <RadDiagramShape Type="Telerik.Windows.Controls.RadDiagramShape" Id="fd5fb5e9-767e-415c-ae41-2a5803def865" ZIndex="1" Position="649.71228144243;453.867369911081" ParentGroup="Copy 0 of Copy 3 of Copy 1 of Group 19" Stroke="#FF00537A" StrokeThickness="1" StrokeDashArray="1 0 " Background="#FF23A0DA" Size="32;30" RotationAngle="0" Foreground="#FF333333" BorderBrush="#FF00537A" Thickness="0;0;0;0" FontSize="12" FontWeight="7" FontFamily="Segoe UI" Connectors="Auto:0.5;0.5,Left:0;0.5,Top:0.5;0,Right:1;0.5,Bottom:0.5;1," Geometry="M0.5,0.5L111.5,0.5L111.5,74.5L0.5,74.5z" QN="0" />
    <RadDiagramShape Type="Telerik.Windows.Controls.RadDiagramShape" Id="faea2b5c-a974-410d-9543-c98f38bac601" ZIndex="1" Position="649.40833333333;443.12768930913" ParentGroup="Copy 0 of Copy 3 of Copy 1 of Group 19" Stroke="#FF00537A" StrokeThickness="1" StrokeDashArray="1 0 " Background="#FF23A0DA" Size="32;10" RotationAngle="0" Foreground="#FF333333" BorderBrush="#FF00537A" Thickness="0;0;0;0" FontSize="12" FontWeight="7" FontFamily="Segoe UI" Connectors="Auto:0.5;0.5,Left:0;0.5,Top:0.5;0,Right:1;0.5,Bottom:0.5;1," Geometry="M0.5,0.5L111.5,0.5L111.5,74.5L0.5,74.5z" QN="0" />
    <RadDiagramShape Type="Telerik.Windows.Controls.RadDiagramShape" Id="4ce8d1bb-189b-4a7b-b34e-f3ab2c8aac3f" ZIndex="1" Position="684.71228144243;453.534036577748" ParentGroup="Copy 0 of Copy 3 of Copy 1 of Group 20" Stroke="#FF00537A" StrokeThickness="1" StrokeDashArray="1 0 " Background="#FF23A0DA" Size="32;30" RotationAngle="0" Foreground="#FF333333" BorderBrush="#FF00537A" Thickness="0;0;0;0" FontSize="12" FontWeight="7" FontFamily="Segoe UI" Connectors="Auto:0.5;0.5,Left:0;0.5,Top:0.5;0,Right:1;0.5,Bottom:0.5;1," Geometry="M0.5,0.5L111.5,0.5L111.5,74.5L0.5,74.5z" QN="0" />
    <RadDiagramShape Type="Telerik.Windows.Controls.RadDiagramShape" Id="ee800c5e-4b03-4f1c-9d6b-00306d5ae039" ZIndex="1" Position="684.40833333333;442.794355975797" ParentGroup="Copy 0 of Copy 3 of Copy 1 of Group 20" Stroke="#FF00537A" StrokeThickness="1" StrokeDashArray="1 0 " Background="#FF23A0DA" Size="32;10" RotationAngle="0" Foreground="#FF333333" BorderBrush="#FF00537A" Thickness="0;0;0;0" FontSize="12" FontWeight="7" FontFamily="Segoe UI" Connectors="Auto:0.5;0.5,Left:0;0.5,Top:0.5;0,Right:1;0.5,Bottom:0.5;1," Geometry="M0.5,0.5L111.5,0.5L111.5,74.5L0.5,74.5z" QN="0" />
    <RadDiagramShape Type="Telerik.Windows.Controls.RadDiagramShape" Id="0a642b27-ff1b-4a29-9acb-b131d54d4227" ZIndex="1" Position="719.71228144243;453.200703244415" ParentGroup="Copy 0 of Copy 3 of Copy 1 of Copy of Group 20" Stroke="#FF00537A" StrokeThickness="1" StrokeDashArray="1 0 " Background="#FF23A0DA" Size="32;30" RotationAngle="0" Foreground="#FF333333" BorderBrush="#FF00537A" Thickness="0;0;0;0" FontSize="12" FontWeight="7" FontFamily="Segoe UI" Connectors="Auto:0.5;0.5,Left:0;0.5,Top:0.5;0,Right:1;0.5,Bottom:0.5;1," Geometry="M0.5,0.5L111.5,0.5L111.5,74.5L0.5,74.5z" QN="0" />
    <RadDiagramShape Type="Telerik.Windows.Controls.RadDiagramShape" Id="06ce00dc-9a79-4034-b22a-03aecf52a23f" ZIndex="1" Position="719.40833333333;442.461022642464" ParentGroup="Copy 0 of Copy 3 of Copy 1 of Copy of Group 20" Stroke="#FF00537A" StrokeThickness="1" StrokeDashArray="1 0 " Background="#FF23A0DA" Size="32;10" RotationAngle="0" Foreground="#FF333333" BorderBrush="#FF00537A" Thickness="0;0;0;0" FontSize="12" FontWeight="7" FontFamily="Segoe UI" Connectors="Auto:0.5;0.5,Left:0;0.5,Top:0.5;0,Right:1;0.5,Bottom:0.5;1," Geometry="M0.5,0.5L111.5,0.5L111.5,74.5L0.5,74.5z" QN="0" />
    <RadDiagramShape Type="Telerik.Windows.Controls.RadDiagramShape" Id="5525dd0e-3e16-41f7-b825-a0b55bb153b1" ZIndex="1" Position="719.90833333333;501.961022642464" ParentGroup="Copy 0 of Copy 3 of Copy 1 of Copy of Copy of Group 20" Stroke="#FF00537A" StrokeThickness="1" StrokeDashArray="1 0 " Background="#FF23A0DA" Size="32;30" RotationAngle="180" Foreground="#FF333333" BorderBrush="#FF00537A" Thickness="0;0;0;0" FontSize="12" FontWeight="7" FontFamily="Segoe UI" Connectors="Auto:0.5;0.5,Left:0;0.5,Top:0.5;0,Right:1;0.5,Bottom:0.5;1," Geometry="M0.5,0.5L111.5,0.5L111.5,74.5L0.5,74.5z" QN="0" />
    <RadDiagramShape Type="Telerik.Windows.Controls.RadDiagramShape" Id="f453409e-34d2-4294-877e-c84f2ee660f5" ZIndex="1" Position="720.21228144243;532.700703244416" ParentGroup="Copy 0 of Copy 3 of Copy 1 of Copy of Copy of Group 20" Stroke="#FF00537A" StrokeThickness="1" StrokeDashArray="1 0 " Background="#FF23A0DA" Size="32;10" RotationAngle="180" Foreground="#FF333333" BorderBrush="#FF00537A" Thickness="0;0;0;0" FontSize="12" FontWeight="7" FontFamily="Segoe UI" Connectors="Auto:0.5;0.5,Left:0;0.5,Top:0.5;0,Right:1;0.5,Bottom:0.5;1," Geometry="M0.5,0.5L111.5,0.5L111.5,74.5L0.5,74.5z" QN="0" />
    <RadDiagramShape Type="Telerik.Windows.Controls.RadDiagramShape" Id="012d3d63-3caf-4b94-8a1a-a8f5ebc2e774" ZIndex="1" Position="684.90833333333;501.961022642464" ParentGroup="Copy 0 of Copy 3 of Copy 1 of Copy of Copy of Copy of Group 20" Stroke="#FF00537A" StrokeThickness="1" StrokeDashArray="1 0 " Background="#FF23A0DA" Size="32;30" RotationAngle="180" Foreground="#FF333333" BorderBrush="#FF00537A" Thickness="0;0;0;0" FontSize="12" FontWeight="7" FontFamily="Segoe UI" Connectors="Auto:0.5;0.5,Left:0;0.5,Top:0.5;0,Right:1;0.5,Bottom:0.5;1," Geometry="M0.5,0.5L111.5,0.5L111.5,74.5L0.5,74.5z" QN="0" />
    <RadDiagramShape Type="Telerik.Windows.Controls.RadDiagramShape" Id="907dc0c0-2c52-4ade-a1a2-5115b83bac33" ZIndex="1" Position="685.21228144243;532.700703244416" ParentGroup="Copy 0 of Copy 3 of Copy 1 of Copy of Copy of Copy of Group 20" Stroke="#FF00537A" StrokeThickness="1" StrokeDashArray="1 0 " Background="#FF23A0DA" Size="32;10" RotationAngle="180" Foreground="#FF333333" BorderBrush="#FF00537A" Thickness="0;0;0;0" FontSize="12" FontWeight="7" FontFamily="Segoe UI" Connectors="Auto:0.5;0.5,Left:0;0.5,Top:0.5;0,Right:1;0.5,Bottom:0.5;1," Geometry="M0.5,0.5L111.5,0.5L111.5,74.5L0.5,74.5z" QN="0" />
    <RadDiagramShape Type="Telerik.Windows.Controls.RadDiagramShape" Id="cbd39592-3fbd-415e-86df-dc11bb0861da" ZIndex="1" Position="649.40833333333;500.961022642464" ParentGroup="Copy 0 of Copy 3 of Copy 1 of Copy of Copy of Copy of Copy of Group 20" Stroke="#FF00537A" StrokeThickness="1" StrokeDashArray="1 0 " Background="#FF23A0DA" Size="32;30" RotationAngle="180" Foreground="#FF333333" BorderBrush="#FF00537A" Thickness="0;0;0;0" FontSize="12" FontWeight="7" FontFamily="Segoe UI" Connectors="Auto:0.5;0.5,Left:0;0.5,Top:0.5;0,Right:1;0.5,Bottom:0.5;1," Geometry="M0.5,0.5L111.5,0.5L111.5,74.5L0.5,74.5z" QN="0" />
    <RadDiagramShape Type="Telerik.Windows.Controls.RadDiagramShape" Id="d0416800-82bc-46ed-abb9-79b6776f85f9" ZIndex="1" Position="649.71228144243;531.700703244416" ParentGroup="Copy 0 of Copy 3 of Copy 1 of Copy of Copy of Copy of Copy of Group 20" Stroke="#FF00537A" StrokeThickness="1" StrokeDashArray="1 0 " Background="#FF23A0DA" Size="32;10" RotationAngle="180" Foreground="#FF333333" BorderBrush="#FF00537A" Thickness="0;0;0;0" FontSize="12" FontWeight="7" FontFamily="Segoe UI" Connectors="Auto:0.5;0.5,Left:0;0.5,Top:0.5;0,Right:1;0.5,Bottom:0.5;1," Geometry="M0.5,0.5L111.5,0.5L111.5,74.5L0.5,74.5z" QN="0" />
    <RadDiagramShape Type="Telerik.Windows.Controls.RadDiagramShape" Id="25b80065-1d97-413e-877c-10c3f82769c9" ZIndex="1" Position="745.1904670869;477.48283699799" ParentGroup="Copy 0 of Copy 3 of Copy 1 of Group 21" Stroke="#FF00537A" StrokeThickness="1" StrokeDashArray="1 0 " Background="#FF23A0DA" Size="32;30" RotationAngle="90" Foreground="#FF333333" BorderBrush="#FF00537A" Thickness="0;0;0;0" FontSize="12" FontWeight="7" FontFamily="Segoe UI" Connectors="Auto:0.5;0.5,Left:0;0.5,Top:0.5;0,Right:1;0.5,Bottom:0.5;1," Geometry="M0.5,0.5L111.5,0.5L111.5,74.5L0.5,74.5z" QN="0" />
    <RadDiagramShape Type="Telerik.Windows.Controls.RadDiagramShape" Id="def74810-c08b-4e13-acd2-b9d8dd550156" ZIndex="1" Position="765.93014768886;487.178888888889" ParentGroup="Copy 0 of Copy 3 of Copy 1 of Group 21" Stroke="#FF00537A" StrokeThickness="1" StrokeDashArray="1 0 " Background="#FF23A0DA" Size="32;10" RotationAngle="90" Foreground="#FF333333" BorderBrush="#FF00537A" Thickness="0;0;0;0" FontSize="12" FontWeight="7" FontFamily="Segoe UI" Connectors="Auto:0.5;0.5,Left:0;0.5,Top:0.5;0,Right:1;0.5,Bottom:0.5;1," Geometry="M0.5,0.5L111.5,0.5L111.5,74.5L0.5,74.5z" QN="0" />
    <RadDiagramShape Type="Telerik.Windows.Controls.RadDiagramShape" Id="886d661b-3af0-4435-beff-c9c2d0654e76" ZIndex="1" Position="626.43014768886;478.678888888891" ParentGroup="Copy 0 of Copy 3 of Copy 1 of Group 22" Stroke="#FF00537A" StrokeThickness="1" StrokeDashArray="1 0 " Background="#FF23A0DA" Size="32;30" RotationAngle="270" Foreground="#FF333333" BorderBrush="#FF00537A" Thickness="0;0;0;0" FontSize="12" FontWeight="7" FontFamily="Segoe UI" Connectors="Auto:0.5;0.5,Left:0;0.5,Top:0.5;0,Right:1;0.5,Bottom:0.5;1," Geometry="M0.5,0.5L111.5,0.5L111.5,74.5L0.5,74.5z" QN="0" />
    <RadDiagramShape Type="Telerik.Windows.Controls.RadDiagramShape" Id="0bddf3d1-7a46-41c5-a627-623824c82eda" ZIndex="1" Position="605.6904670869;488.98283699799" ParentGroup="Copy 0 of Copy 3 of Copy 1 of Group 22" Stroke="#FF00537A" StrokeThickness="1" StrokeDashArray="1 0 " Background="#FF23A0DA" Size="32;10" RotationAngle="270" Foreground="#FF333333" BorderBrush="#FF00537A" Thickness="0;0;0;0" FontSize="12" FontWeight="7" FontFamily="Segoe UI" Connectors="Auto:0.5;0.5,Left:0;0.5,Top:0.5;0,Right:1;0.5,Bottom:0.5;1," Geometry="M0.5,0.5L111.5,0.5L111.5,74.5L0.5,74.5z" QN="0" />
    <RadDiagramShape Type="Telerik.Windows.Controls.RadDiagramShape" Id="96b7afda-23a6-43df-9420-f84e65c81aac" ZIndex="10" Position="496.049150363804;410.916666666667" Stroke="#FF121212" StrokeThickness="1" StrokeDashArray="1 0 " Background="#FF474747" Size="45;5" RotationAngle="0" Content="" Foreground="#FF333333" BorderBrush="#FF121212" Thickness="0;0;0;0" FontSize="12" FontWeight="7" FontFamily="Segoe UI" Connectors="Auto:0.5;0.5,Left:0;0.5,Top:0.5;0,Right:1;0.5,Bottom:0.5;1," Geometry="M0.5,0.5L111.5,0.5L111.5,74.5L0.5,74.5z" QN="0" />
    <RadDiagramShape Type="Telerik.Windows.Controls.RadDiagramShape" Id="8eecec02-47fb-4576-9fe2-bf1af6839380" ZIndex="1" Position="934.08154208438;435.487840755639" ParentGroup="Copy 0 of Copy 3 of Group 2" Stroke="#FF89996E" StrokeThickness="1" StrokeDashArray="1 0 " Background="#FFBFD699" Size="21.6631278991699;61.4731826782227" RotationAngle="0" Foreground="#FF333333" BorderBrush="#FF89996E" Thickness="0;0;0;0" FontSize="12" FontWeight="7" FontFamily="Segoe UI" Connectors="Auto:0.5;0.5,Left:0;0.5,Top:0.5;0,Right:1;0.5,Bottom:0.5;1," Geometry="M0.5,0.5L111.5,0.5L111.5,74.5L0.5,74.5z" QN="0" />
    <RadDiagramShape Type="Telerik.Windows.Controls.RadDiagramShape" Id="2f7a3c31-6fbe-4190-8035-5d3552da0cea" ZIndex="1" Position="952.97870464567;435.487840755639" ParentGroup="Copy 0 of Copy 3 of Group 2" Stroke="#FFABABAB" StrokeThickness="1" StrokeDashArray="1 0 " Background="#FFD4D4D4" Size="21.6631278991699;61.4731826782227" RotationAngle="0" Foreground="#FF333333" BorderBrush="#FFABABAB" Thickness="0;0;0;0" FontSize="12" FontWeight="7" FontFamily="Segoe UI" Connectors="Auto:0.5;0.5,Left:0;0.5,Top:0.5;0,Right:1;0.5,Bottom:0.5;1," Geometry="M0.5,0.5L111.5,0.5L111.5,74.5L0.5,74.5z" QN="0" />
    <RadDiagramShape Type="Telerik.Windows.Controls.RadDiagramShape" Id="64bf7bf8-15c1-46f2-8735-8a7b4b0e346b" ZIndex="1" Position="973.47870464567;435.487840755639" ParentGroup="Copy 0 of Copy 3 of Group 2" Stroke="#FF597A7A" StrokeThickness="1" StrokeDashArray="1 0 " Background="#FF88BDBE" Size="21.6631278991699;61.4731826782227" RotationAngle="0" Foreground="#FF333333" BorderBrush="#FF597A7A" Thickness="0;0;0;0" FontSize="12" FontWeight="7" FontFamily="Segoe UI" Connectors="Auto:0.5;0.5,Left:0;0.5,Top:0.5;0,Right:1;0.5,Bottom:0.5;1," Geometry="M0.5,0.5L111.5,0.5L111.5,74.5L0.5,74.5z" QN="0" />
    <RadDiagramShape Type="Telerik.Windows.Controls.RadDiagramShape" Id="e125281f-d51c-4b61-8139-381ba1deb37a" ZIndex="1" Position="326.736854181711;379.02350194727" ParentGroup="Copy 0 of Group 7" Stroke="#FF00537A" StrokeThickness="1" StrokeDashArray="1 0 " Background="#FF23A0DA" Size="18;48.7661590576172" RotationAngle="0" Foreground="#FF333333" BorderBrush="#FF00537A" Thickness="0;0;0;0" FontSize="12" FontWeight="7" FontFamily="Segoe UI" Connectors="Auto:0.5;0.5,Left:0;0.5,Top:0.5;0,Right:1;0.5,Bottom:0.5;1," Geometry="M0.5,0.5L111.5,0.5L111.5,74.5L0.5,74.5z" QN="0" />
    <RadDiagramShape Type="Telerik.Windows.Controls.RadDiagramShape" Id="424e3c1e-ebe4-4591-818e-0dd12cc7dd5a" ZIndex="1" Position="345.082170841788;384.299216250474" ParentGroup="Copy 0 of Group 7" Stroke="#FF00537A" StrokeThickness="1" StrokeDashArray="1 0 " Background="#FF23A0DA" Size="49;40" RotationAngle="1" Foreground="#FF333333" BorderBrush="#FF00537A" Thickness="0;0;0;0" FontSize="12" FontWeight="7" FontFamily="Segoe UI" Connectors="Auto:0.5;0.5,Left:0;0.5,Top:0.5;0,Right:1;0.5,Bottom:0.5;1," Geometry="M0,0L37.5,0A10,10 0 0 1 37.5,74.5L1,74.5z" QN="0" />
    <RadDiagramShape Type="Telerik.Windows.Controls.RadDiagramShape" Id="b8dd95a5-a919-4868-a480-627dfa2deb3b" ZIndex="1" Position="993.075;435.487840755639" ParentGroup="Copy 0 of Copy 3 of Group 2" Stroke="#FF89996E" StrokeThickness="1" StrokeDashArray="1 0 " Background="#FFBFD699" Size="21.6631278991699;61.4731826782227" RotationAngle="0" Foreground="#FF333333" BorderBrush="#FF89996E" Thickness="0;0;0;0" FontSize="12" FontWeight="7" FontFamily="Segoe UI" Connectors="Auto:0.5;0.5,Left:0;0.5,Top:0.5;0,Right:1;0.5,Bottom:0.5;1," Geometry="M0.5,0.5L111.5,0.5L111.5,74.5L0.5,74.5z" QN="0" />
    <RadDiagramShape Type="Telerik.Windows.Controls.RadDiagramShape" Id="0a0e0546-d3ba-48bb-a94e-02b72f5b1ab7" ZIndex="1" Position="1013.575;435.487840755639" ParentGroup="Copy 0 of Copy 3 of Group 2" Stroke="#FFABABAB" StrokeThickness="1" StrokeDashArray="1 0 " Background="#FFD4D4D4" Size="21.6631278991699;61.4731826782227" RotationAngle="0" Foreground="#FF333333" BorderBrush="#FFABABAB" Thickness="0;0;0;0" FontSize="12" FontWeight="7" FontFamily="Segoe UI" Connectors="Auto:0.5;0.5,Left:0;0.5,Top:0.5;0,Right:1;0.5,Bottom:0.5;1," Geometry="M0.5,0.5L111.5,0.5L111.5,74.5L0.5,74.5z" QN="0" />
    <RadDiagramShape Type="Telerik.Windows.Controls.RadDiagramShape" Id="c05529b4-aa30-4b29-8b3d-7e02e8a2a6b3" ZIndex="1" Position="1032.63282237652;435.487840755639" ParentGroup="Copy 0 of Copy 3 of Group 2" Stroke="#FF597A7A" StrokeThickness="1" StrokeDashArray="1 0 " Background="#FF88BDBE" Size="21.6631278991699;61.4731826782227" RotationAngle="0" Content="" Foreground="#FF333333" BorderBrush="#FF597A7A" Thickness="0;0;0;0" FontSize="12" FontWeight="7" FontFamily="Segoe UI" Connectors="Auto:0.5;0.5,Left:0;0.5,Top:0.5;0,Right:1;0.5,Bottom:0.5;1," Geometry="M0.5,0.5L111.5,0.5L111.5,74.5L0.5,74.5z" QN="0" />
    <RadDiagramShape Type="Telerik.Windows.Controls.RadDiagramShape" Id="497b1f86-c454-4c6e-9505-eb5551384a6c" ZIndex="1" Position="344.131272760852;467.124067464033" ParentGroup="Copy 0 of Group 10" Stroke="#FF00537A" StrokeThickness="1" StrokeDashArray="1 0 " Background="#FF23A0DA" Size="5;5" RotationAngle="0" Foreground="#FF333333" BorderBrush="#FF00537A" Thickness="0;0;0;0" FontSize="12" FontWeight="7" FontFamily="Segoe UI" Connectors="Auto:0.5;0.5,Left:0;0.5,Top:0.5;0,Right:1;0.5,Bottom:0.5;1," Geometry="M74.5,37.5C74.5,57.91 57.91,74.5 37.5,74.5C17,74.5 0.5,57.91 0.5,37.5C0.5,17 17,0.5 37.5,0.5C57.91,0.5 74.5,17 74.5,37.5z" QN="0" />
    <RadDiagramShape Type="Telerik.Windows.Controls.RadDiagramShape" Id="23e72f18-af57-4cba-a876-c11d650474c8" ZIndex="27" Position="465.881272760852;529.374067464033" ParentGroup="Copy 0 of Group 11" Stroke="#FF00537A" StrokeThickness="1" StrokeDashArray="1 0 " Background="#FF23A0DA" Size="5;5" RotationAngle="0" Foreground="#FF333333" BorderBrush="#FF00537A" Thickness="0;0;0;0" FontSize="12" FontWeight="7" FontFamily="Segoe UI" Connectors="Auto:0.5;0.5,Left:0;0.5,Top:0.5;0,Right:1;0.5,Bottom:0.5;1," Geometry="M74.5,37.5C74.5,57.91 57.91,74.5 37.5,74.5C17,74.5 0.5,57.91 0.5,37.5C0.5,17 17,0.5 37.5,0.5C57.91,0.5 74.5,17 74.5,37.5z" QN="0" />
    <RadDiagramShape Type="Telerik.Windows.Controls.RadDiagramShape" Id="ba0e7470-cd8b-4e2d-9585-cefe68cd8830" ZIndex="0" Position="600.38127276085;239.024067464033" Stroke="#FFAB8D00" StrokeThickness="1" StrokeDashArray="1 0 " Background="#FFF1C700" Size="196;118" RotationAngle="0" Foreground="#FF333333" BorderBrush="#FFAB8D00" Thickness="0;0;0;0" FontSize="12" FontWeight="7" FontFamily="Segoe UI" Connectors="Auto:0.5;0.5,Left:0;0.5,Top:0.5;0,Right:1;0.5,Bottom:0.5;1," Geometry="M0.5,0.5L111.5,0.5L111.5,74.5L0.5,74.5z" QN="0" />
    <RadDiagramShape Type="Telerik.Windows.Controls.RadDiagramShape" Id="8bf9b93f-1e1a-4873-b97e-53ae4bae0453" ZIndex="9" Position="502.452930284652;416.990345287688" ParentGroup="Copy 0 of Group 13" Stroke="#FF2B2B2B" StrokeThickness="1" StrokeDashArray="1 0 " Background="#FF747474" Size="40;40" RotationAngle="0" Foreground="#FF333333" BorderBrush="#FF2B2B2B" Thickness="0;0;0;0" FontSize="12" FontWeight="7" FontFamily="Segoe UI" Connectors="Auto:0.5;0.5,Left:0;0.5,Top:0.5;0,Right:1;0.5,Bottom:0.5;1," Geometry="M0.5,0.5L111.5,0.5L111.5,74.5L0.5,74.5z" QN="0" />
    <RadDiagramShape Type="Telerik.Windows.Controls.RadDiagramShape" Id="b899a9a4-f156-44e3-8930-b2d146610d9b" ZIndex="9" Position="502.381272760852;458.024067464033" ParentGroup="Copy 0 of Group 14" Stroke="#FF6C6C6C" StrokeThickness="1" StrokeDashArray="1 0 " Background="#FFABABAB" Size="40;105" RotationAngle="0" Foreground="#FF333333" BorderBrush="#FF6C6C6C" Thickness="0;0;0;0" FontSize="12" FontWeight="7" FontFamily="Segoe UI" Connectors="Auto:0.5;0.5,Left:0;0.5,Top:0.5;0,Right:1;0.5,Bottom:0.5;1," Geometry="M0.5,0.5L111.5,0.5L111.5,74.5L0.5,74.5z" QN="0" />
    <RadDiagramShape Type="Telerik.Windows.Controls.RadDiagramShape" Id="f80ed0eb-67a9-4dce-b8ac-15a37f4b42ef" ZIndex="9" Position="504.452930284652;173.990345287688" Stroke="#FF838383" StrokeThickness="1" StrokeDashArray="1 0 " Background="#FFBEBEBE" Size="30;30" RotationAngle="0" Foreground="#FF333333" BorderBrush="#FF838383" Thickness="0;0;0;0" FontSize="12" FontWeight="7" FontFamily="Segoe UI" Connectors="Auto:0.5;0.5,Left:0;0.5,Top:0.5;0,Right:1;0.5,Bottom:0.5;1," Geometry="M0.5,0.5L111.5,0.5L111.5,74.5L0.5,74.5z" QN="0" />
    <RadDiagramShape Type="Telerik.Windows.Controls.RadDiagramShape" Id="fd6b198f-14e3-43e9-a378-8d17e439bb8f" ZIndex="9" Position="831.45293028465;173.990345287688" Stroke="#FF838383" StrokeThickness="1" StrokeDashArray="1 0 " Background="#FFBEBEBE" Size="30;30" RotationAngle="0" Foreground="#FF333333" BorderBrush="#FF838383" Thickness="0;0;0;0" FontSize="12" FontWeight="7" FontFamily="Segoe UI" Connectors="Auto:0.5;0.5,Left:0;0.5,Top:0.5;0,Right:1;0.5,Bottom:0.5;1," Geometry="M0.5,0.5L111.5,0.5L111.5,74.5L0.5,74.5z" QN="0" />
    <RadDiagramShape Type="Telerik.Windows.Controls.RadDiagramShape" Id="93482762-0b7e-4dbe-b999-62fa77d77082" ZIndex="29" Position="506.381272760852;421.524067464033" ParentGroup="Copy 0 of Group 13" Stroke="#FF1F1F1F" StrokeThickness="1" StrokeDashArray="1 0 " Background="#FF5E5E5E" Size="15;15" RotationAngle="0" Foreground="#FF333333" BorderBrush="#FF1F1F1F" Thickness="0;0;0;0" FontSize="12" FontWeight="7" FontFamily="Segoe UI" Connectors="Auto:0.5;0.5,Left:0;0.5,Top:0.5;0,Right:1;0.5,Bottom:0.5;1," Geometry="M111.5,37.5C111.5,57.91 86.67,74.5 56,74.5C25.33,74.5 0.5,57.91 0.5,37.5C0.5,17.09 25.33,0.5 56,0.5C86.67,0.5 111.5,17.09 111.5,37.5z" QN="0" />
    <RadDiagramShape Type="Telerik.Windows.Controls.RadDiagramShape" Id="056486ac-0d13-41ff-b0c8-0ec5cda12b8f" ZIndex="29" Position="523.381272760852;422.124067464033" ParentGroup="Copy 0 of Group 13" Stroke="#FF1F1F1F" StrokeThickness="1" StrokeDashArray="1 0 " Background="#FF5E5E5E" Size="15;15" RotationAngle="0" Foreground="#FF333333" BorderBrush="#FF1F1F1F" Thickness="0;0;0;0" FontSize="12" FontWeight="7" FontFamily="Segoe UI" Connectors="Auto:0.5;0.5,Left:0;0.5,Top:0.5;0,Right:1;0.5,Bottom:0.5;1," Geometry="M111.5,37.5C111.5,57.91 86.67,74.5 56,74.5C25.33,74.5 0.5,57.91 0.5,37.5C0.5,17.09 25.33,0.5 56,0.5C86.67,0.5 111.5,17.09 111.5,37.5z" QN="0" />
    <RadDiagramShape Type="Telerik.Windows.Controls.RadDiagramShape" Id="1fc8eb94-193b-444b-b7ae-620d9611b0ab" ZIndex="29" Position="506.181272760852;438.124067464033" ParentGroup="Copy 0 of Group 13" Stroke="#FF1F1F1F" StrokeThickness="1" StrokeDashArray="1 0 " Background="#FF5E5E5E" Size="15;15" RotationAngle="0" Foreground="#FF333333" BorderBrush="#FF1F1F1F" Thickness="0;0;0;0" FontSize="12" FontWeight="7" FontFamily="Segoe UI" Connectors="Auto:0.5;0.5,Left:0;0.5,Top:0.5;0,Right:1;0.5,Bottom:0.5;1," Geometry="M111.5,37.5C111.5,57.91 86.67,74.5 56,74.5C25.33,74.5 0.5,57.91 0.5,37.5C0.5,17.09 25.33,0.5 56,0.5C86.67,0.5 111.5,17.09 111.5,37.5z" QN="0" />
    <RadDiagramShape Type="Telerik.Windows.Controls.RadDiagramShape" Id="c3cfc844-75cf-448f-90a2-5e38e31051bf" ZIndex="29" Position="523;438" ParentGroup="Copy 0 of Group 13" Stroke="#FF1F1F1F" StrokeThickness="1" StrokeDashArray="1 0 " Background="#FF5E5E5E" Size="15;15" RotationAngle="0" Foreground="#FF333333" BorderBrush="#FF1F1F1F" Thickness="0;0;0;0" FontSize="12" FontWeight="7" FontFamily="Segoe UI" Connectors="Auto:0.5;0.5,Left:0;0.5,Top:0.5;0,Right:1;0.5,Bottom:0.5;1," Geometry="M111.5,37.5C111.5,57.91 86.67,74.5 56,74.5C25.33,74.5 0.5,57.91 0.5,37.5C0.5,17.09 25.33,0.5 56,0.5C86.67,0.5 111.5,17.09 111.5,37.5z" QN="0" />
    <RadDiagramShape Type="Telerik.Windows.Controls.RadDiagramShape" Id="b3c4d6a8-bc6e-4c33-9278-7f4a8c775fcb" ZIndex="-1" Position="496.781272760853;162.530447324434" Stroke="#FFD4D4D4" StrokeThickness="1" StrokeDashArray="4 4 " Background="#FFF7F7F7" Size="371.333343505859;213.33332824707" RotationAngle="0" Foreground="#FF333333" BorderBrush="#FFD4D4D4" Thickness="0;0;0;0" FontSize="12" FontWeight="7" FontFamily="Segoe UI" Connectors="Auto:0.5;0.5,Left:0;0.5,Top:0.5;0,Right:1;0.5,Bottom:0.5;1," Geometry="M0.5,0.5L111.5,0.5L111.5,74.5L0.5,74.5z" QN="0" />
    <RadDiagramShape Type="Telerik.Windows.Controls.RadDiagramShape" Id="11910604-39bf-47bb-a2a4-4c84e249bc8c" ZIndex="30" Position="505.114606094186;499.363780657767" ParentGroup="Copy 0 of Group 14" Stroke="#FF838383" StrokeThickness="1" StrokeDashArray="1 0 " Background="#FFBEBEBE" Size="34;60.5" RotationAngle="0" Foreground="#FF333333" BorderBrush="#FF838383" Thickness="0;0;0;0" FontSize="12" FontWeight="7" FontFamily="Segoe UI" Connectors="Auto:0.5;0.5,Left:0;0.5,Top:0.5;0,Right:1;0.5,Bottom:0.5;1," Geometry="M0.5,0.5L111.5,0.5L111.5,74.5L0.5,74.5z" QN="0" />
    <RadDiagramShape Type="Telerik.Windows.Controls.RadDiagramShape" Id="4b48c6b3-808b-447d-b1cd-fe2197ba722a" ZIndex="30" Position="508.114606094186;527.363780657767" ParentGroup="Copy 0 of Group 14" Stroke="#FF838383" StrokeThickness="1" StrokeDashArray="1 0 " Background="#FFBEBEBE" Size="28;29" RotationAngle="0" Foreground="#FF333333" BorderBrush="#FF838383" Thickness="0;0;0;0" FontSize="12" FontWeight="7" FontFamily="Segoe UI" Connectors="Auto:0.5;0.5,Left:0;0.5,Top:0.5;0,Right:1;0.5,Bottom:0.5;1," Geometry="M0.5,0.5L111.5,0.5L111.5,74.5L0.5,74.5z" QN="0" />
    <RadDiagramShape Type="Telerik.Windows.Controls.RadDiagramShape" Id="2fb43f2a-014a-41ff-b552-d7f17eb78009" ZIndex="31" Position="519.6;540.063780657767" ParentGroup="Copy 0 of Group 14" Stroke="#FF6C6C6C" StrokeThickness="1" StrokeDashArray="1 0 " Background="#FFABABAB" Size="5;5" RotationAngle="0" Foreground="#FF333333" BorderBrush="#FF6C6C6C" Thickness="0;0;0;0" FontSize="12" FontWeight="7" FontFamily="Segoe UI" Connectors="Auto:0.5;0.5,Left:0;0.5,Top:0.5;0,Right:1;0.5,Bottom:0.5;1," Geometry="M111.5,37.5C111.5,57.91 86.67,74.5 56,74.5C25.33,74.5 0.5,57.91 0.5,37.5C0.5,17.09 25.33,0.5 56,0.5C86.67,0.5 111.5,17.09 111.5,37.5z" QN="0" />
  </Shapes>
</RadDiagram>