<?xml version="1.0" encoding="utf-8"?>
<RadDiagram Type="Telerik.Windows.Diagrams.Core.IGraphInternal" Version="2013.1">
	<Metadata Id="04ca8e75-89fd-461d-af41-f993856d5cc1">
		<Title>
			<![CDATA[Diagram [9/02/2012 9:13:35]]]>
		</Title>
		<Description>
			<![CDATA[]]>
		</Description>
	</Metadata>
	<Shapes QNs="Telerik.Windows.Controls.Diagrams, Version=2013.1.1121.40, Culture=neutral, PublicKeyToken=5803cfa389c90ce7;">
		<RadDiagramShape Type="Telerik.Windows.Controls.RadDiagramShape" Id="56e98447-ed5a-46ae-ab02-8efd4d8ee367" ZIndex="1" Position="94.333333333333;41" Stroke="#00FFFFFF" Size="Auto;75" RotationAngle="0" Content="EXTERNAL SIP" Background="#FF000000" Foreground="#FFFFFFFF" BorderBrush="#FF000000" Thickness="0;0;0;0" FontSize="12" FontWeight="400" FontFamily="Segoe UI" Geometry="M0.5,0.5L111.5,0.75 111.5,86.51C111.5,86.51 87.26,64.6 53.49,80.39 16.92,97.5 0.8,74.48 0.8,74.48z" QN="0" />
		<RadDiagramShape Type="Telerik.Windows.Controls.RadDiagramShape" Id="ecef3a97-d14a-4943-b76c-ca53a7f7623f" ZIndex="1" Position="245;42" Stroke="#00FFFFFF" Size="112;75" RotationAngle="0" Content="BATCH ITEM IMPORTER" Background="#FF23A0DA" Foreground="#FFFFFFFF" BorderBrush="#FF23A0DA" Thickness="0;0;0;0" FontSize="12" FontWeight="400" FontFamily="Segoe UI" Geometry="M0.5,0.5L111.5,0.5 111.5,74.5 0.5,74.5z" QN="0" />
		<RadDiagramShape Type="Telerik.Windows.Controls.RadDiagramShape" Id="59f51fc0-089a-45f0-9f41-4548b4df4700" ZIndex="1" Position="245;193" Stroke="#00FFFFFF" Size="Auto;Auto" RotationAngle="0" Content="WB SUBMIT UI" Background="#FF23A0DA" Foreground="#FFFFFFFF" BorderBrush="#FF23A0DA" Thickness="0;0;0;0" FontSize="12" FontWeight="400" FontFamily="Segoe UI" Geometry="M0.5,0.5L111.5,0.5 111.5,74.5 0.5,74.5z" QN="0" />
		<RadDiagramShape Type="Telerik.Windows.Controls.RadDiagramShape" Id="3ad42932-90f1-4c16-a542-b88020142241" ZIndex="1" Position="420;117" Stroke="#00FFFFFF" Size="112;75" RotationAngle="0" Content="IN PROCESS SUBMISSION" Background="#FF000000" Foreground="#FFFFFFFF" BorderBrush="#FF000000" Thickness="0;0;0;0" FontSize="12" FontWeight="400" FontFamily="Segoe UI" Geometry="M0.5,0.5L111.5,0.75 111.5,86.51C111.5,86.51 87.26,64.6 53.49,80.39 16.92,97.5 0.8,74.48 0.8,74.48z" QN="0" />
		<RadDiagramShape Type="Telerik.Windows.Controls.RadDiagramShape" Id="9be8cf81-9c89-4707-a5ba-fa447acc0ea4" ZIndex="1" Position="420;269" Stroke="#00FFFFFF" Size="Auto;Auto" RotationAngle="0" Content="WORKFLOW" Background="#FF23A0DA" Foreground="#FFFFFFFF" BorderBrush="#FF23A0DA" Thickness="0;0;0;0" FontSize="12" FontWeight="400" FontFamily="Segoe UI" Geometry="M0.5,0.5L111.5,0.5 111.5,74.5 0.5,74.5z" QN="0" />
		<RadDiagramShape Type="Telerik.Windows.Controls.RadDiagramShape" Id="891380ee-60a8-4490-92d9-fdcb6f9505d0" ZIndex="1" Position="570;117" Stroke="#00FFFFFF" Size="Auto;Auto" RotationAngle="0" Content="ITEM INSTALLER" Background="#FF23A0DA" Foreground="#FFFFFFFF" BorderBrush="#FF23A0DA" Thickness="0;0;0;0" FontSize="12" FontWeight="400" FontFamily="Segoe UI" Geometry="M0.5,0.5L111.5,0.5 111.5,74.5 0.5,74.5z" QN="0" />
		<RadDiagramShape Type="Telerik.Windows.Controls.RadDiagramShape" Id="e7a2e3a0-c68f-4f43-9347-f9e450eb79db" ZIndex="1" Position="720;117" Stroke="#00FFFFFF" Size="Auto;75" RotationAngle="0" Content="ARCHIVED ITEM" Background="#FF000000" Foreground="#FFF2F2F2" BorderBrush="#FF000000" Thickness="0;0;0;0" FontSize="12" FontWeight="400" FontFamily="Segoe UI" Geometry="M0.5,0.5L111.5,0.75 111.5,86.51C111.5,86.51 87.26,64.6 53.49,80.39 16.92,97.5 0.8,74.48 0.8,74.48z" QN="0" />
	</Shapes>
	<Connections QNs="Telerik.Windows.Controls.Diagrams, Version=2013.1.1121.40, Culture=neutral, PublicKeyToken=5803cfa389c90ce7;">
		<RadDiagramConnection Type="Telerik.Windows.Controls.RadDiagramConnection" Id="939f7607-6274-4b54-8bd7-a65fe385ebe0" ZIndex="0" Position="245;79.5" Stroke="#00FFFFFF" SourceConnectorPosition="Left" TargetConnectorPosition="Left" SourceCapType="None" TargetCapType="None" SourceCapSize="9;7" TargetCapSize="9;7" StartPoint="245;79.5" Source="ecef3a97-d14a-4943-b76c-ca53a7f7623f" EndPoint="245;79.5" Target="ecef3a97-d14a-4943-b76c-ca53a7f7623f" LineThickness="1" Background="#FF333333" QN="0"  ConnectionType="Polyline" ConnectionPoints="" />
		<RadDiagramConnection Type="Telerik.Windows.Controls.RadDiagramConnection" Id="f0fe894c-ad4d-4533-a34a-69d74ceb4a86" ZIndex="-1" Position="206.333333333333;78" Stroke="#FF3F3F3F" SourceConnectorPosition="Right" TargetConnectorPosition="Auto" SourceCapType="None" TargetCapType="Arrow1Filled" SourceCapSize="7;7" TargetCapSize="7;7" StartPoint="206.333333333333;78.5" Source="56e98447-ed5a-46ae-ab02-8efd4d8ee367" EndPoint="246.666666666667;78" Target="ecef3a97-d14a-4943-b76c-ca53a7f7623f" LineThickness="1" Background="#FF333333" QN="0"  ConnectionType="Polyline" ConnectionPoints="" />
		<RadDiagramConnection Type="Telerik.Windows.Controls.RadDiagramConnection" Id="128f63c2-fc4f-4bc2-8349-eab75285c094" ZIndex="0" Position="357;79.5" Stroke="#FF3F3F3F" SourceConnectorPosition="Right" TargetConnectorPosition="Left" SourceCapType="None" TargetCapType="Arrow1Filled" SourceCapSize="7;7" TargetCapSize="7;7" StartPoint="357;79.5" Source="ecef3a97-d14a-4943-b76c-ca53a7f7623f" EndPoint="420;154.5" Target="3ad42932-90f1-4c16-a542-b88020142241" LineThickness="1" Background="#FF333333" QN="0"  ConnectionType="Polyline" ConnectionPoints=""/>
		<RadDiagramConnection Type="Telerik.Windows.Controls.RadDiagramConnection" Id="3d132d14-aef3-4d65-becf-27fed6b46f0d" ZIndex="0" Position="357;154.5" Stroke="#FF3F3F3F" SourceConnectorPosition="Right" TargetConnectorPosition="Left" SourceCapType="None" TargetCapType="Arrow1Filled" SourceCapSize="7;7" TargetCapSize="7;7" StartPoint="357;230.5" Source="59f51fc0-089a-45f0-9f41-4548b4df4700" EndPoint="420;154.5" Target="3ad42932-90f1-4c16-a542-b88020142241" LineThickness="1" Background="#FF333333" QN="0"  ConnectionType="Polyline" ConnectionPoints=""/>
		<RadDiagramConnection Type="Telerik.Windows.Controls.RadDiagramConnection" Id="9a9603ed-5e4f-4da3-a9f1-339da88a3e94" ZIndex="0" Position="532;154.5" Stroke="#FF3F3F3F" SourceConnectorPosition="Right" TargetConnectorPosition="Left" SourceCapType="None" TargetCapType="Arrow1Filled" SourceCapSize="7;7" TargetCapSize="7;7" StartPoint="532;154.5" Source="3ad42932-90f1-4c16-a542-b88020142241" EndPoint="570;154.5" Target="891380ee-60a8-4490-92d9-fdcb6f9505d0" LineThickness="1" Background="#FF333333" QN="0"  ConnectionType="Polyline" ConnectionPoints=""/>
		<RadDiagramConnection Type="Telerik.Windows.Controls.RadDiagramConnection" Id="adf8886e-ebd8-4780-b1e5-04f5a85e3e8e" ZIndex="0" Position="682;154.5" Stroke="#FF3F3F3F" SourceConnectorPosition="Right" TargetConnectorPosition="Left" SourceCapType="None" TargetCapType="Arrow1Filled" SourceCapSize="7;7" TargetCapSize="7;7" StartPoint="682;154.5" Source="891380ee-60a8-4490-92d9-fdcb6f9505d0" EndPoint="720;154.5" Target="e7a2e3a0-c68f-4f43-9347-f9e450eb79db" LineThickness="1" Background="#FF333333" QN="0"  ConnectionType="Polyline" ConnectionPoints=""/>
		<RadDiagramConnection Type="Telerik.Windows.Controls.RadDiagramConnection" Id="9a476344-2de5-4fe7-a576-58feedca28be" ZIndex="0" Position="476;192" Stroke="#FF3F3F3F" SourceConnectorPosition="Bottom" TargetConnectorPosition="Top" SourceCapType="Arrow1Filled" TargetCapType="Arrow1Filled" SourceCapSize="7;7" TargetCapSize="7;7" StartPoint="476;192" Source="3ad42932-90f1-4c16-a542-b88020142241" EndPoint="476;269" Target="9be8cf81-9c89-4707-a5ba-fa447acc0ea4" LineThickness="1" Background="#FF333333" QN="0"  ConnectionType="Polyline" ConnectionPoints=""/>
	</Connections>
</RadDiagram>