<?xml version="1.0" encoding="utf-8"?>
<RadDiagram Version="2013.2">
	<Metadata Type="Telerik.Windows.Controls.RadDiagram" Id="04ca8e75-89fd-461d-af41-f993856d5cc1">
		<Title>Diagram [9/02/2012 9:13:35]</Title>
		<Description>
		</Description>
	</Metadata>
	<Groups />
	<Shapes QNs="Telerik.Windows.Controls.Diagrams, Version=2013.2.517.1050, Culture=neutral, PublicKeyToken=5803cfa389c90ce7;">
		<RadDiagramShape Type="Telerik.Windows.Controls.RadDiagramShape" Id="bbf34b82-08ce-4045-98bf-19be9bb22ab0" ZIndex="9" Position="144;209" Content="TEAM 1" Stroke="#FF838383" StrokeThickness="0" Background="#FFBEBEBE" Foreground="#FFFFFFFF" BorderBrush="#FF838383" Thickness="2;2;2;2" FontSize="12" FontWeight="700" FontFamily="Segoe UI" Size="150;30" RotationAngle="0" MinWidth="0" MinHeight="0" MaxWidth="INF" MaxHeight="INF" Connectors="Auto:0.5;0.5,Left:0;0.5,Top:0.5;0,Right:1;0.5,Bottom:0.5;1," UseGlidingConnector="False" UseDefaultConnectors="True" Geometry="M0.5,0.5L111.5,0.5L111.5,74.5L0.5,74.5z" QN="0" />
		<RadDiagramShape Type="Telerik.Windows.Controls.RadDiagramShape" Id="e4b12503-0d4c-4bae-a9c9-b1312b70777c" ZIndex="9" Position="144;244" Content="TEAM 2" Stroke="#FFAB8D00" StrokeThickness="0" Background="#FFF1C700" Foreground="#FFFFFFFF" BorderBrush="#FFAB8D00" Thickness="0;0;0;0" FontSize="12" FontWeight="700" FontFamily="Segoe UI" Size="150;30" RotationAngle="0" MinWidth="0" MinHeight="0" MaxWidth="INF" MaxHeight="INF" Connectors="Auto:0.5;0.5,Left:0;0.5,Top:0.5;0,Right:1;0.5,Bottom:0.5;1," UseGlidingConnector="False" UseDefaultConnectors="True" Geometry="M0.5,0.5L111.5,0.5L111.5,74.5L0.5,74.5z" QN="0" />
		<RadDiagramShape Type="Telerik.Windows.Controls.RadDiagramShape" Id="d2ca9ffa-5d4f-417c-b77a-df9a0a7af08c" ZIndex="9" Position="144;306" Content="TEAM 3" Stroke="#FF487A00" StrokeThickness="0" Background="#FF8BC03F" Foreground="#FFFFFFFF" BorderBrush="#FF487A00" Thickness="0;0;0;0" FontSize="12" FontWeight="700" FontFamily="Segoe UI" Size="150;30" RotationAngle="0" MinWidth="0" MinHeight="0" MaxWidth="INF" MaxHeight="INF" Connectors="Auto:0.5;0.5,Left:0;0.5,Top:0.5;0,Right:1;0.5,Bottom:0.5;1," UseGlidingConnector="False" UseDefaultConnectors="True" Geometry="M0.5,0.5L111.5,0.5L111.5,74.5L0.5,74.5z" QN="0" />
		<RadDiagramShape Type="Telerik.Windows.Controls.RadDiagramShape" Id="ad9d692f-29a1-455d-ab71-7eeb5a1f3be0" ZIndex="9" Position="144;341" Content="TEAM 4" Stroke="#FF00537A" StrokeThickness="0" Background="#FF23A0DA" Foreground="#FFFFFFFF" BorderBrush="#FF00537A" Thickness="0;0;0;0" FontSize="12" FontWeight="700" FontFamily="Segoe UI" Size="150;30" RotationAngle="0" MinWidth="0" MinHeight="0" MaxWidth="INF" MaxHeight="INF" Connectors="Auto:0.5;0.5,Left:0;0.5,Top:0.5;0,Right:1;0.5,Bottom:0.5;1," UseGlidingConnector="False" UseDefaultConnectors="True" Geometry="M0.5,0.5L111.5,0.5L111.5,74.5L0.5,74.5z" QN="0" />
		<RadDiagramShape Type="Telerik.Windows.Controls.RadDiagramShape" Id="a93b342b-7f3c-4e33-b7df-b6cfe327112b" ZIndex="9" Position="144;440" Content="TEAM 6" Stroke="#FF1F1F1F" StrokeThickness="0" Background="#FF5E5E5E" Foreground="#FFFFFFFF" BorderBrush="#FF1F1F1F" Thickness="0;0;0;0" FontSize="12" FontWeight="700" FontFamily="Segoe UI" Size="150;30" RotationAngle="0" MinWidth="0" MinHeight="0" MaxWidth="INF" MaxHeight="INF" Connectors="Auto:0.5;0.5,Left:0;0.5,Top:0.5;0,Right:1;0.5,Bottom:0.5;1," UseGlidingConnector="False" UseDefaultConnectors="True" Geometry="M0.5,0.5L111.5,0.5L111.5,74.5L0.5,74.5z" QN="0" />
		<RadDiagramShape Type="Telerik.Windows.Controls.RadDiagramShape" Id="a10ef5bb-1708-43fa-a8a4-01cc7251ceb0" ZIndex="9" Position="144;502" Content="TEAM 7" Stroke="#FF005857" StrokeThickness="0" Background="#FF15ACA9" Foreground="#FFFFFFFF" BorderBrush="#FF005857" Thickness="0;0;0;0" FontSize="12" FontWeight="700" FontFamily="Segoe UI" Size="150;30" RotationAngle="0" MinWidth="0" MinHeight="0" MaxWidth="INF" MaxHeight="INF" Connectors="Auto:0.5;0.5,Left:0;0.5,Top:0.5;0,Right:1;0.5,Bottom:0.5;1," UseGlidingConnector="False" UseDefaultConnectors="True" Geometry="M0.5,0.5L111.5,0.5L111.5,74.5L0.5,74.5z" QN="0" />
		<RadDiagramShape Type="Telerik.Windows.Controls.RadDiagramShape" Id="f3d4c8f6-a8a1-4cb5-8a3e-ee5d88a3b471" ZIndex="3" Position="345;322" Content="TEAM 4" Stroke="#FF00537A" StrokeThickness="0" Background="#FF23A0DA" Foreground="#FFFFFFFF" BorderBrush="#FF00537A" Thickness="0;0;0;0" FontSize="12" FontWeight="700" FontFamily="Segoe UI" Size="150;30" RotationAngle="0" MinWidth="0" MinHeight="0" MaxWidth="INF" MaxHeight="INF" Connectors="Auto:0.5;0.5,Left:0;0.5,Top:0.5;0,Right:1;0.5,Bottom:0.5;1," UseGlidingConnector="False" UseDefaultConnectors="True" Geometry="M0.5,0.5L111.5,0.5L111.5,74.5L0.5,74.5z" QN="0" />
		<RadDiagramShape Type="Telerik.Windows.Controls.RadDiagramShape" Id="b59cca56-1cbe-4ae9-a5d0-fe2b57e709b1" ZIndex="3" Position="345;229" Content="TEAM 2" Stroke="#FFAB8D00" StrokeThickness="0" Background="#FFF1C700" Foreground="#FFFFFFFF" BorderBrush="#FFAB8D00" Thickness="2;2;2;2" FontSize="12" FontWeight="700" FontFamily="Segoe UI" Size="150;30" RotationAngle="0" MinWidth="0" MinHeight="0" MaxWidth="INF" MaxHeight="INF" Connectors="Auto:0.5;0.5,Left:0;0.5,Top:0.5;0,Right:1;0.5,Bottom:0.5;1," UseGlidingConnector="False" UseDefaultConnectors="True" Geometry="M0.5,0.5L111.5,0.5L111.5,74.5L0.5,74.5z" QN="0" />
		<RadDiagramShape Type="Telerik.Windows.Controls.RadDiagramShape" Id="0e8a2752-5d52-469f-9c77-eaebf0964f51" ZIndex="3" Position="345;520" Content="TEAM 7" Stroke="#FF005857" StrokeThickness="0" Background="#FF15ACA9" Foreground="#FFFFFFFF" BorderBrush="#FF005857" Thickness="0;0;0;0" FontSize="12" FontWeight="700" FontFamily="Segoe UI" Size="150;30" RotationAngle="0" MinWidth="0" MinHeight="0" MaxWidth="INF" MaxHeight="INF" Connectors="Auto:0.5;0.5,Left:0;0.5,Top:0.5;0,Right:1;0.5,Bottom:0.5;1," UseGlidingConnector="False" UseDefaultConnectors="True" Geometry="M0.5,0.5L111.5,0.5L111.5,74.5L0.5,74.5z" QN="0" />
		<RadDiagramShape Type="Telerik.Windows.Controls.RadDiagramShape" Id="066f4096-7e4d-4cd2-82de-880be21d537b" ZIndex="3" Position="345;420" Content="TEAM 5" Stroke="#FF8F0005" StrokeThickness="0" Background="#FFE51E25" Foreground="#FFFFFFFF" BorderBrush="#FF8F0005" Thickness="0;0;0;0" FontSize="12" FontWeight="700" FontFamily="Segoe UI" Size="150;30" RotationAngle="0" MinWidth="0" MinHeight="0" MaxWidth="INF" MaxHeight="INF" Connectors="Auto:0.5;0.5,Left:0;0.5,Top:0.5;0,Right:1;0.5,Bottom:0.5;1," UseGlidingConnector="False" UseDefaultConnectors="True" Geometry="M0.5,0.5L111.5,0.5L111.5,74.5L0.5,74.5z" QN="0" />
		<RadDiagramContainerShape Type="Telerik.Windows.Controls.RadDiagramContainerShape" Id="07da83b9-9796-4a22-9b7e-6fcca5474279" ZIndex="2" Position="319;160" IsRotationEnabled="false" Content="Second Game" FontSize="12" Size="201;432" RotationAngle="0" MinWidth="200" MinHeight="100" MaxWidth="INF" MaxHeight="INF" Connectors="Auto:0.5;0.5,Left:0;0.5,Top:0.5;0,Right:1;0.5,Bottom:0.5;1," UseGlidingConnector="False" UseDefaultConnectors="True" RestoredHeight="0" RestoredMinHeight="0" RestoredIsResizingEnabled="false" QN="0" Items="f3d4c8f6-a8a1-4cb5-8a3e-ee5d88a3b471;b59cca56-1cbe-4ae9-a5d0-fe2b57e709b1;0e8a2752-5d52-469f-9c77-eaebf0964f51;066f4096-7e4d-4cd2-82de-880be21d537b" />
		<RadDiagramShape Type="Telerik.Windows.Controls.RadDiagramShape" Id="71daf5e7-d2b1-420c-8881-1f60e9912ae9" ZIndex="9" Position="144;539" Content="TEAM 8" Stroke="#FF6C6C6C" StrokeThickness="0" Background="#FFABABAB" Foreground="#FFFFFFFF" BorderBrush="#FF6C6C6C" Thickness="0;0;0;0" FontSize="12" FontWeight="700" FontFamily="Segoe UI" Size="150;30" RotationAngle="0" MinWidth="0" MinHeight="0" MaxWidth="INF" MaxHeight="INF" Connectors="Auto:0.5;0.5,Left:0;0.5,Top:0.5;0,Right:1;0.5,Bottom:0.5;1," UseGlidingConnector="False" UseDefaultConnectors="True" Geometry="M0.5,0.5L111.5,0.5L111.5,74.5L0.5,74.5z" QN="0" />
		<RadDiagramShape Type="Telerik.Windows.Controls.RadDiagramShape" Id="f910ef1e-1815-4a1b-8015-c606e63ff48d" ZIndex="9" Position="144;403" Content="TEAM 5" Stroke="#FF8F0005" StrokeThickness="0" Background="#FFE51E25" Foreground="#FFFFFFFF" BorderBrush="#FF8F0005" Thickness="0;0;0;0" FontSize="12" FontWeight="700" FontFamily="Segoe UI" Size="150;30" RotationAngle="0" MinWidth="0" MinHeight="0" MaxWidth="INF" MaxHeight="INF" Connectors="Auto:0.5;0.5,Left:0;0.5,Top:0.5;0,Right:1;0.5,Bottom:0.5;1," UseGlidingConnector="False" UseDefaultConnectors="True" Geometry="M0.5,0.5L111.5,0.5L111.5,74.5L0.5,74.5z" QN="0" />
		<RadDiagramShape Type="Telerik.Windows.Controls.RadDiagramShape" Id="519b2227-fc51-48bf-96df-4aac89868b05" ZIndex="5" Position="547;274" Content="TEAM 4" Stroke="#FF00537A" StrokeThickness="0" Background="#FF23A0DA" Foreground="#FFFFFFFF" BorderBrush="#FF00537A" Thickness="2;2;2;2" FontSize="12" FontWeight="700" FontFamily="Segoe UI" Size="150;30" RotationAngle="0" MinWidth="0" MinHeight="0" MaxWidth="INF" MaxHeight="INF" Connectors="Auto:0.5;0.5,Left:0;0.5,Top:0.5;0,Right:1;0.5,Bottom:0.5;1," UseGlidingConnector="False" UseDefaultConnectors="True" Geometry="M0.5,0.5L111.5,0.5L111.5,74.5L0.5,74.5z" QN="0" />
		<RadDiagramShape Type="Telerik.Windows.Controls.RadDiagramShape" Id="d64b88a9-2e5a-4ab9-be12-53db0b431795" ZIndex="5" Position="547;470" Content="TEAM 7" Stroke="#FF005857" StrokeThickness="0" Background="#FF15ACA9" Foreground="#FFFFFFFF" BorderBrush="#FF005857" Thickness="0;0;0;0" FontSize="12" FontWeight="700" FontFamily="Segoe UI" Size="150;30" RotationAngle="0" MinWidth="0" MinHeight="0" MaxWidth="INF" MaxHeight="INF" Connectors="Auto:0.5;0.5,Left:0;0.5,Top:0.5;0,Right:1;0.5,Bottom:0.5;1," UseGlidingConnector="False" UseDefaultConnectors="True" Geometry="M0.5,0.5L111.5,0.5L111.5,74.5L0.5,74.5z" QN="0" />
		<RadDiagramContainerShape Type="Telerik.Windows.Controls.RadDiagramContainerShape" Id="81834181-4d3a-4b5e-b16f-c8cfed9f0ac7" ZIndex="4" Position="520;160" IsRotationEnabled="false" Content="Third game" FontSize="12" Size="200;432" RotationAngle="0" MinWidth="200" MinHeight="100" MaxWidth="INF" MaxHeight="INF" Connectors="Auto:0.5;0.5,Left:0;0.5,Top:0.5;0,Right:1;0.5,Bottom:0.5;1," UseGlidingConnector="False" UseDefaultConnectors="True" RestoredHeight="0" RestoredMinHeight="0" RestoredIsResizingEnabled="false" QN="0" Items="519b2227-fc51-48bf-96df-4aac89868b05;d64b88a9-2e5a-4ab9-be12-53db0b431795" />
		<RadDiagramShape Type="Telerik.Windows.Controls.RadDiagramShape" Id="728fc38a-95d3-419f-b0dd-ecf4611df55a" ZIndex="7" Position="746;365" Content="TEAM 4" Stroke="#FF00537A" StrokeThickness="0" Background="#FF23A0DA" Foreground="#FFFFFFFF" BorderBrush="#FF00537A" Thickness="2;2;2;2" FontSize="12" FontWeight="700" FontFamily="Segoe UI" Size="150;30" RotationAngle="0" MinWidth="0" MinHeight="0" MaxWidth="INF" MaxHeight="INF" Connectors="Auto:0.5;0.5,Left:0;0.5,Top:0.5;0,Right:1;0.5,Bottom:0.5;1," UseGlidingConnector="False" UseDefaultConnectors="True" Geometry="M0.5,0.5L111.5,0.5L111.5,74.5L0.5,74.5z" QN="0" />
		<RadDiagramContainerShape Type="Telerik.Windows.Controls.RadDiagramContainerShape" Id="60071f82-3c21-46d3-a361-b44f4ef69b32" ZIndex="6" Position="720;160" IsRotationEnabled="false" Content="Final game" FontSize="12" Size="200;432" RotationAngle="0" MinWidth="200" MinHeight="100" MaxWidth="INF" MaxHeight="INF" Connectors="Auto:0.5;0.5,Left:0;0.5,Top:0.5;0,Right:1;0.5,Bottom:0.5;1," UseGlidingConnector="False" UseDefaultConnectors="True" RestoredHeight="0" RestoredMinHeight="0" RestoredIsResizingEnabled="false" QN="0" Items="728fc38a-95d3-419f-b0dd-ecf4611df55a" />
		<RadDiagramContainerShape Type="Telerik.Windows.Controls.RadDiagramContainerShape" Id="6cbc3822-c6c7-44a4-bc33-041370e7eaa8" ZIndex="8" Position="119;160" IsRotationEnabled="false" Content="First game" FontSize="12" Size="200;432" RotationAngle="0" MinWidth="200" MinHeight="100" MaxWidth="INF" MaxHeight="INF" Connectors="Auto:0.5;0.5,Left:0;0.5,Top:0.5;0,Right:1;0.5,Bottom:0.5;1," UseGlidingConnector="False" UseDefaultConnectors="True" RestoredHeight="0" RestoredMinHeight="0" RestoredIsResizingEnabled="false" QN="0" Items="d2ca9ffa-5d4f-417c-b77a-df9a0a7af08c;e4b12503-0d4c-4bae-a9c9-b1312b70777c;bbf34b82-08ce-4045-98bf-19be9bb22ab0;ad9d692f-29a1-455d-ab71-7eeb5a1f3be0;a93b342b-7f3c-4e33-b7df-b6cfe327112b;a10ef5bb-1708-43fa-a8a4-01cc7251ceb0;f910ef1e-1815-4a1b-8015-c606e63ff48d;71daf5e7-d2b1-420c-8881-1f60e9912ae9" />
	</Shapes>
	<Connections QNs="Telerik.Windows.Controls.Diagrams, Version=2013.2.517.1050, Culture=neutral, PublicKeyToken=5803cfa389c90ce7;">
		<RadDiagramConnection Type="Telerik.Windows.Controls.RadDiagramConnection" Id="cff4301d-6717-45c1-962b-6f66054ddabd" ZIndex="10" Position="294;224" Stroke="#FFB1B1B1" StrokeThickness="2" Background="#FFEFEFEF" BorderBrush="#FFB1B1B1" SourceConnectorPosition="Right" TargetConnectorPosition="Left" SourceCapType="None" TargetCapType="None" SourceCapSize="7;7" TargetCapSize="7;7" StartPoint="294;224" Source="bbf34b82-08ce-4045-98bf-19be9bb22ab0" EndPoint="345;244" Target="b59cca56-1cbe-4ae9-a5d0-fe2b57e709b1" ConnectionType="Polyline" ConnectionPoints="" QN="0" />
		<RadDiagramConnection Type="Telerik.Windows.Controls.RadDiagramConnection" Id="716f0c4a-4ee5-4af6-84fe-b9b10aa4006e" ZIndex="11" Position="294;244" Stroke="#FFF1C700" StrokeThickness="2" Background="#FFFFFFFF" BorderBrush="#FFF1C700" SourceConnectorPosition="Right" TargetConnectorPosition="Left" SourceCapType="None" TargetCapType="None" SourceCapSize="7;7" TargetCapSize="7;7" StartPoint="294;259" Source="e4b12503-0d4c-4bae-a9c9-b1312b70777c" EndPoint="345;244" Target="b59cca56-1cbe-4ae9-a5d0-fe2b57e709b1" ConnectionType="Polyline" ConnectionPoints="" QN="0" />
		<RadDiagramConnection Type="Telerik.Windows.Controls.RadDiagramConnection" Id="aec51997-c5f6-4b81-8410-5d88682878b0" ZIndex="12" Position="294;321" Stroke="#FF86B243" StrokeThickness="2" Background="#FFD4F5A3" BorderBrush="#FF86B243" SourceConnectorPosition="Right" TargetConnectorPosition="Left" SourceCapType="None" TargetCapType="None" SourceCapSize="7;7" TargetCapSize="7;7" StartPoint="294;321" Source="d2ca9ffa-5d4f-417c-b77a-df9a0a7af08c" EndPoint="345;337" Target="f3d4c8f6-a8a1-4cb5-8a3e-ee5d88a3b471" ConnectionType="Polyline" ConnectionPoints="" QN="0" />
		<RadDiagramConnection Type="Telerik.Windows.Controls.RadDiagramConnection" Id="6c33de40-3d60-41e2-a595-ec3fe6df8114" ZIndex="13" Position="294;337" Stroke="#FF278EB8" StrokeThickness="2" Background="#FF9DDFFB" BorderBrush="#FF278EB8" SourceConnectorPosition="Right" TargetConnectorPosition="Left" SourceCapType="None" TargetCapType="None" SourceCapSize="7;7" TargetCapSize="7;7" StartPoint="294;356" Source="ad9d692f-29a1-455d-ab71-7eeb5a1f3be0" EndPoint="345;337" Target="f3d4c8f6-a8a1-4cb5-8a3e-ee5d88a3b471" ConnectionType="Polyline" ConnectionPoints="" QN="0" />
		<RadDiagramConnection Type="Telerik.Windows.Controls.RadDiagramConnection" Id="952f67c7-e1a9-4e71-a805-5334b617db94" ZIndex="14" Position="294;418" Stroke="#FFE51E25" StrokeThickness="2" Background="#FFFFFFFF" BorderBrush="#FFE51E25" SourceConnectorPosition="Right" TargetConnectorPosition="Left" SourceCapType="None" TargetCapType="None" SourceCapSize="7;7" TargetCapSize="7;7" StartPoint="294;418" Source="f910ef1e-1815-4a1b-8015-c606e63ff48d" EndPoint="345;435" Target="066f4096-7e4d-4cd2-82de-880be21d537b" ConnectionType="Polyline" ConnectionPoints="" QN="0" />
		<RadDiagramConnection Type="Telerik.Windows.Controls.RadDiagramConnection" Id="6bab4e0e-b8bb-410b-8854-d8a778835cb1" ZIndex="15" Position="294;435" StrokeThickness="2" SourceConnectorPosition="Right" TargetConnectorPosition="Left" SourceCapType="None" TargetCapType="None" SourceCapSize="7;7" TargetCapSize="7;7" StartPoint="294;455" Source="a93b342b-7f3c-4e33-b7df-b6cfe327112b" EndPoint="345;435" Target="066f4096-7e4d-4cd2-82de-880be21d537b" ConnectionType="Polyline" ConnectionPoints="" QN="0" />
		<RadDiagramConnection Type="Telerik.Windows.Controls.RadDiagramConnection" Id="2d55d488-396c-431d-9c2b-dc5099d318a0" ZIndex="16" Position="294;517" Stroke="#FF15ACA9" StrokeThickness="2" Background="#FFFFFFFF" BorderBrush="#FF15ACA9" SourceConnectorPosition="Right" TargetConnectorPosition="Left" SourceCapType="None" TargetCapType="None" SourceCapSize="7;7" TargetCapSize="7;7" StartPoint="294;517" Source="a10ef5bb-1708-43fa-a8a4-01cc7251ceb0" EndPoint="345;535" Target="0e8a2752-5d52-469f-9c77-eaebf0964f51" ConnectionType="Polyline" ConnectionPoints="" QN="0" />
		<RadDiagramConnection Type="Telerik.Windows.Controls.RadDiagramConnection" Id="a2cf2395-aa8a-4444-93a1-8f3ef013421f" ZIndex="17" Position="294;535" Stroke="#FFABABAB" StrokeThickness="2" Background="#FFD4D4D4" BorderBrush="#FFABABAB" SourceConnectorPosition="Right" TargetConnectorPosition="Left" SourceCapType="None" TargetCapType="None" SourceCapSize="7;7" TargetCapSize="7;7" StartPoint="294;554" Source="71daf5e7-d2b1-420c-8881-1f60e9912ae9" EndPoint="345;535" Target="0e8a2752-5d52-469f-9c77-eaebf0964f51" ConnectionType="Polyline" ConnectionPoints="" QN="0" />
		<RadDiagramConnection Type="Telerik.Windows.Controls.RadDiagramConnection" Id="e5052b7f-1b3a-4304-aafa-dc33a9df10a7" ZIndex="18" Position="495;244" Stroke="#FFF1C700" StrokeThickness="2" Background="#FFFFFFFF" BorderBrush="#FFF1C700" SourceConnectorPosition="Right" TargetConnectorPosition="Left" SourceCapType="None" TargetCapType="None" SourceCapSize="7;7" TargetCapSize="7;7" StartPoint="495;244" Source="b59cca56-1cbe-4ae9-a5d0-fe2b57e709b1" EndPoint="547;289" Target="519b2227-fc51-48bf-96df-4aac89868b05" ConnectionType="Polyline" ConnectionPoints="" QN="0" />
		<RadDiagramConnection Type="Telerik.Windows.Controls.RadDiagramConnection" Id="1edef6f7-ece8-4601-acb4-5ce487b86a83" ZIndex="19" Position="495;289" Stroke="#FF23A0DA" StrokeThickness="2" Background="#FFFFFFFF" BorderBrush="#FF23A0DA" SourceConnectorPosition="Right" TargetConnectorPosition="Left" SourceCapType="None" TargetCapType="None" SourceCapSize="7;7" TargetCapSize="7;7" StartPoint="495;337" Source="f3d4c8f6-a8a1-4cb5-8a3e-ee5d88a3b471" EndPoint="547;289" Target="519b2227-fc51-48bf-96df-4aac89868b05" ConnectionType="Polyline" ConnectionPoints="" QN="0" />
		<RadDiagramConnection Type="Telerik.Windows.Controls.RadDiagramConnection" Id="f5f9b496-e482-4988-9175-8ee8b59e2f73" ZIndex="20" Position="495;435" Stroke="#FFE51E25" StrokeThickness="2" Background="#FFFFFFFF" BorderBrush="#FFE51E25" SourceConnectorPosition="Right" TargetConnectorPosition="Left" SourceCapType="None" TargetCapType="None" SourceCapSize="7;7" TargetCapSize="7;7" StartPoint="495;435" Source="066f4096-7e4d-4cd2-82de-880be21d537b" EndPoint="547;485" Target="d64b88a9-2e5a-4ab9-be12-53db0b431795" ConnectionType="Polyline" ConnectionPoints="" QN="0" />
		<RadDiagramConnection Type="Telerik.Windows.Controls.RadDiagramConnection" Id="e0be33af-a5ad-4c65-9e39-5691570d3498" ZIndex="21" Position="495;485" Stroke="#FF15ACA9" StrokeThickness="2" Background="#FFFFFFFF" BorderBrush="#FF15ACA9" SourceConnectorPosition="Right" TargetConnectorPosition="Left" SourceCapType="None" TargetCapType="None" SourceCapSize="7;7" TargetCapSize="7;7" StartPoint="495;535" Source="0e8a2752-5d52-469f-9c77-eaebf0964f51" EndPoint="547;485" Target="d64b88a9-2e5a-4ab9-be12-53db0b431795" ConnectionType="Polyline" ConnectionPoints="" QN="0" />
		<RadDiagramConnection Type="Telerik.Windows.Controls.RadDiagramConnection" Id="f4d13397-e10f-402d-b25c-4bc6a7314818" ZIndex="22" Position="697;289" Stroke="#FF23A0DA" StrokeThickness="2" Background="#FFFFFFFF" BorderBrush="#FF23A0DA" SourceConnectorPosition="Right" TargetConnectorPosition="Left" SourceCapType="None" TargetCapType="None" SourceCapSize="7;7" TargetCapSize="7;7" StartPoint="697;289" Source="519b2227-fc51-48bf-96df-4aac89868b05" EndPoint="746;380" Target="728fc38a-95d3-419f-b0dd-ecf4611df55a" ConnectionType="Polyline" ConnectionPoints="" QN="0" />
		<RadDiagramConnection Type="Telerik.Windows.Controls.RadDiagramConnection" Id="c60cf656-ec2f-4a43-91b2-036d7005a85a" ZIndex="23" Position="697;380" Stroke="#FF15ACA9" StrokeThickness="2" Background="#FFFFFFFF" BorderBrush="#FF15ACA9" SourceConnectorPosition="Right" TargetConnectorPosition="Left" SourceCapType="None" TargetCapType="None" SourceCapSize="7;7" TargetCapSize="7;7" StartPoint="697;485" Source="d64b88a9-2e5a-4ab9-be12-53db0b431795" EndPoint="746;380" Target="728fc38a-95d3-419f-b0dd-ecf4611df55a" ConnectionType="Polyline" ConnectionPoints="" QN="0" />
	</Connections>
</RadDiagram>