<?xml version="1.0" encoding="utf-8"?>
<RadDiagram Type="Telerik.Windows.Diagrams.Core.IGraphInternal" Version="2012.1">
<Metadata Id="04ca8e75-89fd-461d-af41-f993856d5cc1">
<Title>
<![CDATA[Diagram [9/02/2012 9:13:35]]]>
</Title>
<Description>
<![CDATA[]]>
</Description>
</Metadata>
<Shapes QNs="Telerik.Windows.Controls.Diagrams, Version=2012.1.213.40, Culture=neutral, PublicKeyToken=5803cfa389c90ce7;">
<RadDiagramShape Type="Telerik.Windows.Controls.RadDiagramShape" Id="9ce580b4-cda5-4e9f-a7ca-dc4a18a55406" ZIndex="1" Position="196;188" Stroke="#00FFFFFF" Size="100;100" RotationAngle="0" Content="STAFF" Background="#FF8BC03F" Foreground="#FFFFFFFF" BorderBrush="#FF8BC03F" Thickness="0;0;0;0" FontSize="9" FontWeight="400" FontFamily="Segoe UI" Geometry="M111.5,37.5C111.5,57.91 86.67,74.5 56,74.5 25.33,74.5 0.5,57.91 0.5,37.5 0.5,17.09 25.33,0.5 56,0.5 86.67,0.5 111.5,17.09 111.5,37.5z" QN="0" />
<RadDiagramShape Type="Telerik.Windows.Controls.RadDiagramShape" Id="cc1fb0a1-480d-40c5-839b-d8dcf90103dc" ZIndex="1" Position="242;320" Stroke="#00FFFFFF" Size="100;100" RotationAngle="0" Content="CUSTOMERS" Background="#FFF19720" Foreground="#FFFFFFFF" BorderBrush="#FFF19720" Thickness="0;0;0;0" FontSize="9" FontWeight="400" FontFamily="Segoe UI" Geometry="M111.5,37.5C111.5,57.91 86.67,74.5 56,74.5 25.33,74.5 0.5,57.91 0.5,37.5 0.5,17.09 25.33,0.5 56,0.5 86.67,0.5 111.5,17.09 111.5,37.5z" QN="0" />
<RadDiagramShape Type="Telerik.Windows.Controls.RadDiagramShape" Id="71437d0c-3fa0-408f-bef5-d45f88fe2a0d" ZIndex="1" Position="487;188" Stroke="#00FFFFFF" Size="100;100" RotationAngle="0" Content="OWNERS" Background="#FF15ACA9" Foreground="#FFFFFFFF" BorderBrush="#FF15ACA9" Thickness="0;0;0;0" FontSize="9" FontWeight="400" FontFamily="Segoe UI" Geometry="M111.5,37.5C111.5,57.91 86.67,74.5 56,74.5 25.33,74.5 0.5,57.91 0.5,37.5 0.5,17.09 25.33,0.5 56,0.5 86.67,0.5 111.5,17.09 111.5,37.5z" QN="0" />
<RadDiagramShape Type="Telerik.Windows.Controls.RadDiagramShape" Id="be5fe817-e6fa-40a4-8465-dc1c1f555be5" ZIndex="1" Position="441;320" Stroke="#00FFFFFF" Size="100;100" RotationAngle="0" Content="COMMUNITY" Background="#FF23A0DA" Foreground="#FFFFFFFF" BorderBrush="#FF23A0DA" Thickness="0;0;0;0" FontSize="9" FontWeight="400" FontFamily="Segoe UI" Geometry="M111.5,37.5C111.5,57.91 86.67,74.5 56,74.5 25.33,74.5 0.5,57.91 0.5,37.5 0.5,17.09 25.33,0.5 56,0.5 86.67,0.5 111.5,17.09 111.5,37.5z" QN="0" />
<RadDiagramShape Type="Telerik.Windows.Controls.RadDiagramShape" Id="3f390b03-8a32-4df6-b7d1-c996cf7c4f5a" ZIndex="1" Position="341;64" Stroke="#00FFFFFF" Size="100;100" RotationAngle="0" Content="SUPPLIERS" Background="#FF319B47" Foreground="#FFFFFFFF" BorderBrush="#FF319B47" Thickness="0;0;0;0" FontSize="9" FontWeight="400" FontFamily="Arial" Geometry="M111.5,37.5C111.5,57.91 86.67,74.5 56,74.5 25.33,74.5 0.5,57.91 0.5,37.5 0.5,17.09 25.33,0.5 56,0.5 86.67,0.5 111.5,17.09 111.5,37.5z" QN="0" />
<RadDiagramShape Type="Telerik.Windows.Controls.RadDiagramShape" Id="349f0f88-68fd-4274-8264-ec4461363f6a" ZIndex="1" Position="341;211" Stroke="#00FFFFFF" Size="100;100" RotationAngle="0" Content="COMPANY" Background="#FF878787" Foreground="#FFFFFFFF" BorderBrush="#FF878787" Thickness="0;0;0;0" FontSize="9" FontWeight="400" FontFamily="Segoe UI" Geometry="M111.5,37.5C111.5,57.91 86.67,74.5 56,74.5 25.33,74.5 0.5,57.91 0.5,37.5 0.5,17.09 25.33,0.5 56,0.5 86.67,0.5 111.5,17.09 111.5,37.5z" QN="0" />
<RadDiagramShape Type="Telerik.Windows.Controls.RadDiagramShape" Id="7ae12f88-3b66-4bf5-8319-6d2785d9c461" ZIndex="1" Position="601;201.5" Stroke="#00FFFFFF" Size="92;92.5" RotationAngle="0" Content="SHAREHOLDERS" Background="#E515ACA9" Foreground="#FFFFFFFF" BorderBrush="#FF15ACA9" Thickness="0;0;0;0" FontSize="9" FontWeight="400" FontFamily="Segoe UI" Geometry="M111.5,37.5C111.5,57.91 86.67,74.5 56,74.5 25.33,74.5 0.5,57.91 0.5,37.5 0.5,17.09 25.33,0.5 56,0.5 86.67,0.5 111.5,17.09 111.5,37.5z" QN="0" />
<RadDiagramShape Type="Telerik.Windows.Controls.RadDiagramShape" Id="caa928eb-630c-40ae-a25f-5662695c95f2" ZIndex="1" Position="569;141" Stroke="#00FFFFFF" Size="61;60.5" RotationAngle="0" Content="BOARD" Background="#E515ACA9" Foreground="#FFFFFFFF" BorderBrush="#FF15ACA9" Thickness="0;0;0;0" FontSize="9" FontWeight="400" FontFamily="Segoe UI" Geometry="M111.5,37.5C111.5,57.91 86.67,74.5 56,74.5 25.33,74.5 0.5,57.91 0.5,37.5 0.5,17.09 25.33,0.5 56,0.5 86.67,0.5 111.5,17.09 111.5,37.5z" QN="0" />
<RadDiagramShape Type="Telerik.Windows.Controls.RadDiagramShape" Id="936d4aab-b073-48e3-b01b-929f7b20fd83" ZIndex="1" Position="512;417" Stroke="#00FFFFFF" Size="58;57.5" RotationAngle="0" Content="CITIZENS" Background="#E523A0DA" Foreground="#FFFFFFFF" BorderBrush="#FF23A0DA" Thickness="0;0;0;0" FontSize="9" FontWeight="400" FontFamily="Segoe UI" Geometry="M111.5,37.5C111.5,57.91 86.67,74.5 56,74.5 25.33,74.5 0.5,57.91 0.5,37.5 0.5,17.09 25.33,0.5 56,0.5 86.67,0.5 111.5,17.09 111.5,37.5z" QN="0" />
<RadDiagramShape Type="Telerik.Windows.Controls.RadDiagramShape" Id="0cf2e8b9-bf47-4544-b89a-d8c36c477a05" ZIndex="1" Position="551;347" Stroke="#00FFFFFF" Size="73;73" RotationAngle="0" Content="SPECIAL GROUPS" Background="#E523A0DA" Foreground="#FFFFFFFF" BorderBrush="#FF23A0DA" Thickness="0;0;0;0" FontSize="9" FontWeight="400" FontFamily="Segoe UI" Geometry="M111.5,37.5C111.5,57.91 86.67,74.5 56,74.5 25.33,74.5 0.5,57.91 0.5,37.5 0.5,17.09 25.33,0.5 56,0.5 86.67,0.5 111.5,17.09 111.5,37.5z" QN="0" />
<RadDiagramShape Type="Telerik.Windows.Controls.RadDiagramShape" Id="1803abd2-4202-4fcc-b8d5-a7ec149a8c45" ZIndex="1" Position="143;129.5" Stroke="#00FFFFFF" Size="75;75" RotationAngle="0" Content="MANAGEMENT" Background="#E58BC03F" Foreground="#FFFFFFFF" BorderBrush="#FF8BC03F" Thickness="0;0;0;0" FontSize="9" FontWeight="400" FontFamily="Segoe UI" Geometry="M111.5,37.5C111.5,57.91 86.67,74.5 56,74.5 25.33,74.5 0.5,57.91 0.5,37.5 0.5,17.09 25.33,0.5 56,0.5 86.67,0.5 111.5,17.09 111.5,37.5z" QN="0" />
<RadDiagramShape Type="Telerik.Windows.Controls.RadDiagramShape" Id="2db66113-4d36-4b41-8ad7-507cead28327" ZIndex="1" Position="82;202" Stroke="#00FFFFFF" Size="100;100" RotationAngle="0" Content="OPERATION TEAMS" Background="#E58BC03F" Foreground="#FFFFFFFF" BorderBrush="#FF8BC03F" Thickness="0;0;0;0" FontSize="9" FontWeight="400" FontFamily="Segoe UI" Geometry="M111.5,37.5C111.5,57.91 86.67,74.5 56,74.5 25.33,74.5 0.5,57.91 0.5,37.5 0.5,17.09 25.33,0.5 56,0.5 86.67,0.5 111.5,17.09 111.5,37.5z" QN="0" />
<RadDiagramShape Type="Telerik.Windows.Controls.RadDiagramShape" Id="a6761494-31fa-4748-8cd6-e80ded97fec8" ZIndex="1" Position="175;398" Stroke="#00FFFFFF" Size="80;80" RotationAngle="0" Content="FOCUS GROUP" Background="#E5F19720" Foreground="#FFFFFFFF" BorderBrush="#FFF19720" Thickness="0;0;0;0" FontSize="9" FontWeight="400" FontFamily="Segoe UI" Geometry="M111.5,37.5C111.5,57.91 86.67,74.5 56,74.5 25.33,74.5 0.5,57.91 0.5,37.5 0.5,17.09 25.33,0.5 56,0.5 86.67,0.5 111.5,17.09 111.5,37.5z" QN="0" />
</Shapes>
<Connections QNs="Telerik.Windows.Controls.Diagrams, Version=2012.1.213.40, Culture=neutral, PublicKeyToken=5803cfa389c90ce7;">
<RadDiagramConnection Type="Telerik.Windows.Controls.RadDiagramConnection" Id="a357dac1-6e56-4814-8cdf-9b8a4e4ae165" ZIndex="0" Position="391;164" Stroke="#FFA9A9A9" SourceConnectorPosition="Top" TargetConnectorPosition="Bottom" SourceCapType="None" TargetCapType="None" SourceCapSize="9;7" TargetCapSize="9;7" StartPoint="391;211" Source="349f0f88-68fd-4274-8264-ec4461363f6a" EndPoint="391;164" Target="3f390b03-8a32-4df6-b7d1-c996cf7c4f5a" LineThickness="1" Background="#FF333333" QN="0" />
<RadDiagramConnection Type="Telerik.Windows.Controls.RadDiagramConnection" Id="00729f2b-5963-4d57-9967-e2e50f60f1c5" ZIndex="0" Position="296;238" Stroke="#FFA9A9A9" SourceConnectorPosition="Left" TargetConnectorPosition="Right" SourceCapType="None" TargetCapType="None" SourceCapSize="9;7" TargetCapSize="9;7" StartPoint="341;261" Source="349f0f88-68fd-4274-8264-ec4461363f6a" EndPoint="296;238" Target="9ce580b4-cda5-4e9f-a7ca-dc4a18a55406" LineThickness="1" Background="#FF333333" QN="0" />
<RadDiagramConnection Type="Telerik.Windows.Controls.RadDiagramConnection" Id="66ddac33-e68d-4711-8a9a-e722395fa706" ZIndex="0" Position="441;238" Stroke="#FFA9A9A9" SourceConnectorPosition="Right" TargetConnectorPosition="Left" SourceCapType="None" TargetCapType="None" SourceCapSize="9;7" TargetCapSize="9;7" StartPoint="441;261" Source="349f0f88-68fd-4274-8264-ec4461363f6a" EndPoint="487;238" Target="71437d0c-3fa0-408f-bef5-d45f88fe2a0d" LineThickness="1" Background="#FF333333" QN="0" />
<RadDiagramConnection Type="Telerik.Windows.Controls.RadDiagramConnection" Id="f189c01e-b6b8-403f-aef1-b365afef2e6c" ZIndex="0" Position="342;311" Stroke="#FFA9A9A9" SourceConnectorPosition="Bottom" TargetConnectorPosition="Right" SourceCapType="None" TargetCapType="None" SourceCapSize="9;7" TargetCapSize="9;7" StartPoint="391;311" Source="349f0f88-68fd-4274-8264-ec4461363f6a" EndPoint="342;370" Target="cc1fb0a1-480d-40c5-839b-d8dcf90103dc" LineThickness="1" Background="#FF333333" QN="0" />
<RadDiagramConnection Type="Telerik.Windows.Controls.RadDiagramConnection" Id="11adbc8a-8656-47c8-b6fa-c3071e7bc2fe" ZIndex="0" Position="391;311" Stroke="#FFA9A9A9" SourceConnectorPosition="Bottom" TargetConnectorPosition="Left" SourceCapType="None" TargetCapType="None" SourceCapSize="9;7" TargetCapSize="9;7" StartPoint="391;311" Source="349f0f88-68fd-4274-8264-ec4461363f6a" EndPoint="441;370" Target="be5fe817-e6fa-40a4-8465-dc1c1f555be5" LineThickness="1" Background="#FF333333" QN="0" />
</Connections>
</RadDiagram>