<?xml version="1.0" encoding="utf-8"?>
<RadDiagram Type="Telerik.Windows.Diagrams.Core.IGraphInternal" Version="2012.2">
	<Metadata Id="04ca8e75-89fd-461d-af41-f993856d5cc1">
		<Title>
			<![CDATA[Diagram [9/02/2012 9:13:35]]]>
		</Title>
		<Description>
			<![CDATA[]]>
		</Description>
	</Metadata>
	<Groups>
		<Group Type="" Name="Copy 6 of Group 26" />
		<Group Type="" Name="Copy 6 of Group 27" />
		<Group Type="" Name="Copy 6 of Group 28" />
		<Group Type="" Name="Copy 6 of Group 29" />
		<Group Type="" Name="Copy 6 of Group 30" />
	</Groups>
	<Shapes QNs="Telerik.Windows.Controls.Diagrams, Version=2012.2.519.40, Culture=neutral, PublicKeyToken=5803cfa389c90ce7;">
		<RadDiagramShape Type="Telerik.Windows.Controls.RadDiagramShape" Id="e525236c-aad5-4ec8-8b8f-933d7e49836e" ZIndex="1" Position="1877;1284" Stroke="#FF121212" StrokeThickness="1" StrokeDashArray="1 0 " Background="#FF474747" Size="105;30" RotationAngle="0" Content="Customer 1" Foreground="#FFFFFFFF" BorderBrush="#FF121212" Thickness="0;0;0;0" FontSize="12" FontWeight="400" FontFamily="Segoe UI" Connectors="Auto:0.5;0.5,Left:0;0.5,Top:0.5;0,Right:1;0.5,Bottom:0.5;1," Geometry="M0.5,0.5L111.5,0.5 111.5,74.5 0.5,74.5z" QN="0" />
		<RadDiagramShape Type="Telerik.Windows.Controls.RadDiagramShape" Id="3c8cdf7e-6421-4dc5-a901-4149f7bfae5d" ZIndex="1" Position="1987;1284" Stroke="#FF121212" StrokeThickness="1" StrokeDashArray="1 0 " Background="#FF474747" Size="105;30" RotationAngle="0" Content="Customer 2" Foreground="#FFFFFFFF" BorderBrush="#FF121212" Thickness="0;0;0;0" FontSize="12" FontWeight="400" FontFamily="Segoe UI" Connectors="Auto:0.5;0.5,Left:0;0.5,Top:0.5;0,Right:1;0.5,Bottom:0.5;1," Geometry="M0.5,0.5L111.5,0.5 111.5,74.5 0.5,74.5z" QN="0" />
		<RadDiagramShape Type="Telerik.Windows.Controls.RadDiagramShape" Id="1ce3bc92-7baf-4a37-95c0-cc6770cbb33a" ZIndex="1" Position="2097;1284" Stroke="#FF121212" StrokeThickness="1" StrokeDashArray="1 0 " Background="#FF474747" Size="105;30" RotationAngle="0" Content="Customer 3" Foreground="#FFFFFFFF" BorderBrush="#FF121212" Thickness="0;0;0;0" FontSize="12" FontWeight="400" FontFamily="Segoe UI" Connectors="Auto:0.5;0.5,Left:0;0.5,Top:0.5;0,Right:1;0.5,Bottom:0.5;1," Geometry="M0.5,0.5L111.5,0.5 111.5,74.5 0.5,74.5z" QN="0" />
		<RadDiagramShape Type="Telerik.Windows.Controls.RadDiagramShape" Id="0b5b4eff-6293-49ab-9636-825214d130ed" ZIndex="1" Position="2207;1284" Stroke="#FF121212" StrokeThickness="1" StrokeDashArray="1 0 " Background="#FF474747" Size="105;30" RotationAngle="0" Content="Customer 4" Foreground="#FFFFFFFF" BorderBrush="#FF121212" Thickness="0;0;0;0" FontSize="12" FontWeight="400" FontFamily="Segoe UI" Connectors="Auto:0.5;0.5,Left:0;0.5,Top:0.5;0,Right:1;0.5,Bottom:0.5;1," Geometry="M0.5,0.5L111.5,0.5 111.5,74.5 0.5,74.5z" QN="0" />
		<RadDiagramShape Type="Telerik.Windows.Controls.RadDiagramShape" Id="5fb33f4f-46bb-4547-a2a5-f9c3e4ac5355" ZIndex="1" Position="1878;999" Stroke="#FF487A00" StrokeThickness="1" StrokeDashArray="1 0 " Background="#FF8BC03F" Size="105;30" RotationAngle="0" Content="Produce" Foreground="#FFFFFFFF" BorderBrush="#FF487A00" Thickness="0;0;0;0" FontSize="12" FontWeight="400" FontFamily="Segoe UI" Connectors="Auto:0.5;0.5,Left:0;0.5,Top:0.5;0,Right:1;0.5,Bottom:0.5;1," Geometry="M0.5,0.5L111.5,0.5 111.5,74.5 0.5,74.5z" QN="0" />
		<RadDiagramShape Type="Telerik.Windows.Controls.RadDiagramShape" Id="ba5adecc-1966-41d4-9ba9-60566ca53003" ZIndex="1" Position="2208;999" Stroke="#FF8F0005" StrokeThickness="1" StrokeDashArray="1 0 " Background="#FFE51E25" Size="105;30" RotationAngle="0" Content="Beverages" Foreground="#FFFFFFFF" BorderBrush="#FF8F0005" Thickness="0;0;0;0" FontSize="12" FontWeight="400" FontFamily="Segoe UI" Connectors="Auto:0.5;0.5,Left:0;0.5,Top:0.5;0,Right:1;0.5,Bottom:0.5;1," Geometry="M0.5,0.5L111.5,0.5 111.5,74.5 0.5,74.5z" QN="0" />
		<RadDiagramShape Type="Telerik.Windows.Controls.RadDiagramShape" Id="fc6bb797-94b2-4869-be99-3d3bbe93960f" ZIndex="1" Position="2098;999" Stroke="#FF00537A" StrokeThickness="1" StrokeDashArray="1 0 " Background="#FF23A0DA" Size="105;30" RotationAngle="0" Content="Seafood" Foreground="#FFFFFFFF" BorderBrush="#FF00537A" Thickness="0;0;0;0" FontSize="12" FontWeight="400" FontFamily="Segoe UI" Connectors="Auto:0.5;0.5,Left:0;0.5,Top:0.5;0,Right:1;0.5,Bottom:0.5;1," Geometry="M0.5,0.5L111.5,0.5 111.5,74.5 0.5,74.5z" QN="0" />
		<RadDiagramShape Type="Telerik.Windows.Controls.RadDiagramShape" Id="66f585ec-26a9-4aa0-9dc4-af666523b8a4" ZIndex="2" Position="1988;999" Stroke="#FF5E5E5E" StrokeThickness="1" StrokeDashArray="1 0 " Background="#FF878787" Size="105;30" RotationAngle="0" Content="Confections" Foreground="#FFFFFFFF" BorderBrush="#FF5E5E5E" Thickness="0;0;0;0" FontSize="12" FontWeight="400" FontFamily="Segoe UI" Connectors="Auto:0.5;0.5,Left:0;0.5,Top:0.5;0,Right:1;0.5,Bottom:0.5;1," Geometry="M0.5,0.5L111.5,0.5 111.5,74.5 0.5,74.5z" QN="0" />
		<RadDiagramShape Type="Telerik.Windows.Controls.RadDiagramShape" Id="403ae9af-80ae-4093-8b0d-fc9e1aaf8144" ZIndex="1" Position="2318;999" Stroke="#FF005857" StrokeThickness="1" StrokeDashArray="1 0 " Background="#FF15ACA9" Size="105;30" RotationAngle="0" Content="Dairy Products" Foreground="#FFFFFFFF" BorderBrush="#FF005857" Thickness="0;0;0;0" FontSize="12" FontWeight="400" FontFamily="Segoe UI" Connectors="Auto:0.5;0.5,Left:0;0.5,Top:0.5;0,Right:1;0.5,Bottom:0.5;1," Geometry="M0.5,0.5L111.5,0.5 111.5,74.5 0.5,74.5z" QN="0" />
		<RadDiagramShape Type="Telerik.Windows.Controls.RadDiagramShape" Id="e3fa8f15-9d83-4896-bfaf-143d854dc3b4" ZIndex="1" Position="2317;1284" Stroke="#FF121212" StrokeThickness="1" StrokeDashArray="1 0 " Background="#FF474747" Size="105;30" RotationAngle="0" Content="Customer 5" Foreground="#FFFFFFFF" BorderBrush="#FF121212" Thickness="0;0;0;0" FontSize="12" FontWeight="400" FontFamily="Segoe UI" Connectors="Auto:0.5;0.5,Left:0;0.5,Top:0.5;0,Right:1;0.5,Bottom:0.5;1," Geometry="M0.5,0.5L111.5,0.5 111.5,74.5 0.5,74.5z" QN="0" />
		<RadDiagramShape Type="Telerik.Windows.Controls.RadDiagramShape" Id="b427d020-5dfa-4bd3-bcd4-2f6839dcb6f4" ZIndex="1" Position="2545.9069261339;999" ParentGroup="Copy 6 of Group 26" Stroke="#FF487A00" StrokeThickness="1" StrokeDashArray="1 0 " Background="#FF8BC03F" Size="15;25" RotationAngle="0" Foreground="#FF333333" BorderBrush="#FF487A00" Thickness="0;0;0;0" FontSize="12" FontWeight="400" FontFamily="Segoe UI" Connectors="Auto:0.5;0.5,Left:0;0.5,Top:0.5;0,Right:1;0.5,Bottom:0.5;1," Geometry="M0.5,0.5L111.5,0.5 111.5,74.5 0.5,74.5z" QN="0" />
		<RadDiagramShape Type="Telerik.Windows.Controls.RadDiagramShape" Id="4d767a5b-47ba-4569-b843-4514230f3c56" ZIndex="1" Position="2560.24025946723;999" ParentGroup="Copy 6 of Group 26" Stroke="#FF00537A" StrokeThickness="1" StrokeDashArray="1 0 " Background="#FF23A0DA" Size="24.9607341979191;25" RotationAngle="0" Foreground="#FF333333" BorderBrush="#FF00537A" Thickness="0;0;0;0" FontSize="12" FontWeight="400" FontFamily="Segoe UI" Connectors="Auto:0.5;0.5,Left:0;0.5,Top:0.5;0,Right:1;0.5,Bottom:0.5;1," Geometry="M0.5,0.5L111.5,0.5 111.5,74.5 0.5,74.5z" QN="0" />
		<RadDiagramShape Type="Telerik.Windows.Controls.RadDiagramShape" Id="503558d7-c183-450f-b27a-d4bc8c4be90f" ZIndex="1" Position="2545.9069261339;1039" ParentGroup="Copy 6 of Group 27" Stroke="#FF487A00" StrokeThickness="1" StrokeDashArray="1 0 " Background="#FF8BC03F" Size="39.5385119756917;25" RotationAngle="0" Foreground="#FF333333" BorderBrush="#FF487A00" Thickness="0;0;0;0" FontSize="12" FontWeight="400" FontFamily="Segoe UI" Connectors="Auto:0.5;0.5,Left:0;0.5,Top:0.5;0,Right:1;0.5,Bottom:0.5;1," Geometry="M0.5,0.5L111.5,0.5 111.5,74.5 0.5,74.5z" QN="0" />
		<RadDiagramShape Type="Telerik.Windows.Controls.RadDiagramShape" Id="e8d4b51d-84cc-4dbc-afb3-a46aecb263c9" ZIndex="1" Position="2600.4069261339;1039" ParentGroup="Copy 6 of Group 27" Stroke="#FF8F0005" StrokeThickness="1" StrokeDashArray="1 0 " Background="#FFE51E25" Size="39.2051786423578;25" RotationAngle="0" Foreground="#FF333333" BorderBrush="#FF8F0005" Thickness="0;0;0;0" FontSize="12" FontWeight="400" FontFamily="Segoe UI" Connectors="Auto:0.5;0.5,Left:0;0.5,Top:0.5;0,Right:1;0.5,Bottom:0.5;1," Geometry="M0.5,0.5L111.5,0.5 111.5,74.5 0.5,74.5z" QN="0" />
		<RadDiagramShape Type="Telerik.Windows.Controls.RadDiagramShape" Id="76dc5c71-2464-4e11-8718-2521cdd2939c" ZIndex="1" Position="2583.9069261339;1039" ParentGroup="Copy 6 of Group 27" Stroke="#FF5E5E5E" StrokeThickness="1" StrokeDashArray="1 0 " Background="#FF878787" Size="18.0000000000005;25" RotationAngle="0" Foreground="#FF333333" BorderBrush="#FF5E5E5E" Thickness="0;0;0;0" FontSize="12" FontWeight="400" FontFamily="Segoe UI" Connectors="Auto:0.5;0.5,Left:0;0.5,Top:0.5;0,Right:1;0.5,Bottom:0.5;1," Geometry="M0.5,0.5L111.5,0.5 111.5,74.5 0.5,74.5z" QN="0" />
		<RadDiagramShape Type="Telerik.Windows.Controls.RadDiagramShape" Id="dfd0543d-fce9-4dce-b41a-11e3ff3aeb14" ZIndex="1" Position="2545.84828592945;1078.9" ParentGroup="Copy 6 of Group 28" Stroke="#FF487A00" StrokeThickness="1" StrokeDashArray="1 0 " Background="#FF8BC03F" Size="26;25" RotationAngle="0" Foreground="#FF333333" BorderBrush="#FF487A00" Thickness="0;0;0;0" FontSize="12" FontWeight="400" FontFamily="Segoe UI" Connectors="Auto:0.5;0.5,Left:0;0.5,Top:0.5;0,Right:1;0.5,Bottom:0.5;1," Geometry="M0.5,0.5L111.5,0.5 111.5,74.5 0.5,74.5z" QN="0" />
		<RadDiagramShape Type="Telerik.Windows.Controls.RadDiagramShape" Id="8b54c7a3-2660-4593-ac5c-1bed98a2c593" ZIndex="1" Position="2637.23717481834;1078.9" ParentGroup="Copy 6 of Group 28" Stroke="#FF005857" StrokeThickness="1" StrokeDashArray="1 0 " Background="#FF15ACA9" Size="15;25" RotationAngle="0" Foreground="#FF333333" BorderBrush="#FF005857" Thickness="0;0;0;0" FontSize="12" FontWeight="400" FontFamily="Segoe UI" Connectors="Auto:0.5;0.5,Left:0;0.5,Top:0.5;0,Right:1;0.5,Bottom:0.5;1," Geometry="M0.5,0.5L111.5,0.5 111.5,74.5 0.5,74.5z" QN="0" />
		<RadDiagramShape Type="Telerik.Windows.Controls.RadDiagramShape" Id="1af09fa8-ac4b-48e2-936b-046b82d51e51" ZIndex="1" Position="2570.84828592945;1078.9" ParentGroup="Copy 6 of Group 28" Stroke="#FF5E5E5E" StrokeThickness="1" StrokeDashArray="1 0 " Background="#FF878787" Size="29.0000000000005;25" RotationAngle="0" Foreground="#FF333333" BorderBrush="#FF5E5E5E" Thickness="0;0;0;0" FontSize="12" FontWeight="400" FontFamily="Segoe UI" Connectors="Auto:0.5;0.5,Left:0;0.5,Top:0.5;0,Right:1;0.5,Bottom:0.5;1," Geometry="M0.5,0.5L111.5,0.5 111.5,74.5 0.5,74.5z" QN="0" />
		<RadDiagramShape Type="Telerik.Windows.Controls.RadDiagramShape" Id="a3ab200b-453d-4efa-b047-d1d43dd392e5" ZIndex="1" Position="2598.84828592945;1078.9" ParentGroup="Copy 6 of Group 28" Stroke="#FF00537A" StrokeThickness="1" StrokeDashArray="1 0 " Background="#FF23A0DA" Size="25.0000000000005;25" RotationAngle="0" Foreground="#FF333333" BorderBrush="#FF00537A" Thickness="0;0;0;0" FontSize="12" FontWeight="400" FontFamily="Segoe UI" Connectors="Auto:0.5;0.5,Left:0;0.5,Top:0.5;0,Right:1;0.5,Bottom:0.5;1," Geometry="M0.5,0.5L111.5,0.5 111.5,74.5 0.5,74.5z" QN="0" />
		<RadDiagramShape Type="Telerik.Windows.Controls.RadDiagramShape" Id="52bcd8e2-e701-460e-93c7-905dc6c56fe4" ZIndex="1" Position="2622.84828592945;1078.9" ParentGroup="Copy 6 of Group 28" Stroke="#FF8F0005" StrokeThickness="1" StrokeDashArray="1 0 " Background="#FFE51E25" Size="15.0000000000034;25" RotationAngle="0" Foreground="#FF333333" BorderBrush="#FF8F0005" Thickness="0;0;0;0" FontSize="12" FontWeight="400" FontFamily="Segoe UI" Connectors="Auto:0.5;0.5,Left:0;0.5,Top:0.5;0,Right:1;0.5,Bottom:0.5;1," Geometry="M0.5,0.5L111.5,0.5 111.5,74.5 0.5,74.5z" QN="0" />
		<RadDiagramShape Type="Telerik.Windows.Controls.RadDiagramShape" Id="57f72212-68ca-46a8-9606-2621a7f76aed" ZIndex="1" Position="2606.33432699848;1118.83333333333" ParentGroup="Copy 6 of Group 29" Stroke="#FF005857" StrokeThickness="1" StrokeDashArray="1 0 " Background="#FF15ACA9" Size="34.0948213576385;25" RotationAngle="0" Content="" Foreground="#FF333333" BorderBrush="#FF005857" Thickness="0;0;0;0" FontSize="12" FontWeight="400" FontFamily="Segoe UI" Connectors="Auto:0.5;0.5,Left:0;0.5,Top:0.5;0,Right:1;0.5,Bottom:0.5;1," Geometry="M0.5,0.5L111.5,0.5 111.5,74.5 0.5,74.5z" QN="0" />
		<RadDiagramShape Type="Telerik.Windows.Controls.RadDiagramShape" Id="45661409-8aff-40d4-81d6-cfb6a7d9d6dd" ZIndex="1" Position="2546.26248168945;1118.83333333333" ParentGroup="Copy 6 of Group 29" Stroke="#FF487A00" StrokeThickness="1" StrokeDashArray="1 0 " Background="#FF8BC03F" Size="18;25" RotationAngle="0" Foreground="#FF333333" BorderBrush="#FF487A00" Thickness="0;0;0;0" FontSize="12" FontWeight="400" FontFamily="Segoe UI" Connectors="Auto:0.5;0.5,Left:0;0.5,Top:0.5;0,Right:1;0.5,Bottom:0.5;1," Geometry="M0.5,0.5L111.5,0.5 111.5,74.5 0.5,74.5z" QN="0" />
		<RadDiagramShape Type="Telerik.Windows.Controls.RadDiagramShape" Id="2a0d1d59-bee3-4910-b6e0-6c420b2f231d" ZIndex="1" Position="2545.9069261339;1158.83333333333" ParentGroup="Copy 6 of Group 30" Stroke="#FF487A00" StrokeThickness="1" StrokeDashArray="1 0 " Background="#FF8BC03F" Size="12;25" RotationAngle="0" Foreground="#FF333333" BorderBrush="#FF487A00" Thickness="0;0;0;0" FontSize="12" FontWeight="400" FontFamily="Segoe UI" Connectors="Auto:0.5;0.5,Left:0;0.5,Top:0.5;0,Right:1;0.5,Bottom:0.5;1," Geometry="M0.5,0.5L111.5,0.5 111.5,74.5 0.5,74.5z" QN="0" />
		<RadDiagramShape Type="Telerik.Windows.Controls.RadDiagramShape" Id="dbfc21f5-39ac-4821-95eb-ec7b1955b712" ZIndex="1" Position="2556.9069261339;1158.83333333333" ParentGroup="Copy 6 of Group 30" Stroke="#FF5E5E5E" StrokeThickness="1" StrokeDashArray="1 0 " Background="#FF878787" Size="26.1274008645857;25" RotationAngle="0" Foreground="#FF333333" BorderBrush="#FF5E5E5E" Thickness="0;0;0;0" FontSize="12" FontWeight="400" FontFamily="Segoe UI" Connectors="Auto:0.5;0.5,Left:0;0.5,Top:0.5;0,Right:1;0.5,Bottom:0.5;1," Geometry="M0.5,0.5L111.5,0.5 111.5,74.5 0.5,74.5z" QN="0" />
		<RadDiagramShape Type="Telerik.Windows.Controls.RadDiagramShape" Id="33d4d5c9-3606-424e-85d3-9bbeb56e145a" ZIndex="1" Position="2563.42914835612;1118.83333333333" ParentGroup="Copy 6 of Group 29" Stroke="#FF5E5E5E" StrokeThickness="1" StrokeDashArray="1 0 " Background="#FF878787" Size="22.9051786423584;25" RotationAngle="0" Foreground="#FF333333" BorderBrush="#FF5E5E5E" Thickness="0;0;0;0" FontSize="12" FontWeight="400" FontFamily="Segoe UI" Connectors="Auto:0.5;0.5,Left:0;0.5,Top:0.5;0,Right:1;0.5,Bottom:0.5;1," Geometry="M0.5,0.5L111.5,0.5 111.5,74.5 0.5,74.5z" QN="0" />
		<RadDiagramShape Type="Telerik.Windows.Controls.RadDiagramShape" Id="905f74d1-41d9-4792-b504-9936d11d2b68" ZIndex="1" Position="2585.54025946723;1118.83333333333" ParentGroup="Copy 6 of Group 29" Stroke="#FF8F0005" StrokeThickness="1" StrokeDashArray="1 0 " Background="#FFE51E25" Size="22.9051786423584;25" RotationAngle="0" Foreground="#FF333333" BorderBrush="#FF8F0005" Thickness="0;0;0;0" FontSize="12" FontWeight="400" FontFamily="Segoe UI" Connectors="Auto:0.5;0.5,Left:0;0.5,Top:0.5;0,Right:1;0.5,Bottom:0.5;1," Geometry="M0.5,0.5L111.5,0.5 111.5,74.5 0.5,74.5z" QN="0" />
		<RadDiagramShape Type="Telerik.Windows.Controls.RadDiagramShape" Id="35c4ee27-825c-47c2-b419-2e08a16c6a35" ZIndex="1" Position="2581.4069261339;1158.83333333333" ParentGroup="Copy 6 of Group 30" Stroke="#FF8F0005" StrokeThickness="1" StrokeDashArray="1 0 " Background="#FFE51E25" Size="12;25" RotationAngle="0" Foreground="#FF333333" BorderBrush="#FF8F0005" Thickness="0;0;0;0" FontSize="12" FontWeight="400" FontFamily="Segoe UI" Connectors="Auto:0.5;0.5,Left:0;0.5,Top:0.5;0,Right:1;0.5,Bottom:0.5;1," Geometry="M0.5,0.5L111.5,0.5 111.5,74.5 0.5,74.5z" QN="0" />
		<RadDiagramShape Type="Telerik.Windows.Controls.RadDiagramShape" Id="4ddc31cb-2d1f-403f-b39f-94776f4ca9a8" ZIndex="1" Position="2592.4069261339;1158.83333333333" ParentGroup="Copy 6 of Group 30" Stroke="#FF005857" StrokeThickness="1" StrokeDashArray="1 0 " Background="#FF15ACA9" Size="26.1274008645857;25" RotationAngle="0" Foreground="#FF333333" BorderBrush="#FF005857" Thickness="0;0;0;0" FontSize="12" FontWeight="400" FontFamily="Segoe UI" Connectors="Auto:0.5;0.5,Left:0;0.5,Top:0.5;0,Right:1;0.5,Bottom:0.5;1," Geometry="M0.5,0.5L111.5,0.5 111.5,74.5 0.5,74.5z" QN="0" />
		<RadDiagramShape Type="Telerik.Windows.Controls.RadDiagramShape" Id="a8e0a086-8f57-4a88-994a-9d09445d080e" ZIndex="1" Position="2465.26248168945;999" Stroke="#FF838383" StrokeThickness="1" StrokeDashArray="1 0 " Background="#FFFFFFFF" Size="76;25" RotationAngle="0" Content="Customer 1" Foreground="#FF000000" BorderBrush="#FF838383" Thickness="0;0;0;0" FontSize="12" FontWeight="400" FontFamily="Segoe UI" Connectors="Auto:0.5;0.5,Left:0;0.5,Top:0.5;0,Right:1;0.5,Bottom:0.5;1," Geometry="M0.5,0.5L111.5,0.5 111.5,74.5 0.5,74.5z" QN="0" />
		<RadDiagramShape Type="Telerik.Windows.Controls.RadDiagramShape" Id="c5356ca0-75d0-4fe7-8bac-43a18ce578c4" ZIndex="1" Position="2465.26248168945;1039" Stroke="#FF838383" StrokeThickness="1" StrokeDashArray="1 0 " Background="#FFFFFFFF" Size="76;25" RotationAngle="0" Content="Customer 2" Foreground="#FF000000" BorderBrush="#FF838383" Thickness="0;0;0;0" FontSize="12" FontWeight="400" FontFamily="Segoe UI" Connectors="Auto:0.5;0.5,Left:0;0.5,Top:0.5;0,Right:1;0.5,Bottom:0.5;1," Geometry="M0.5,0.5L111.5,0.5 111.5,74.5 0.5,74.5z" QN="0" />
		<RadDiagramShape Type="Telerik.Windows.Controls.RadDiagramShape" Id="cc718a93-8967-4a28-a8d3-84c87ab985d5" ZIndex="1" Position="2465.26248168945;1078.83333333333" Stroke="#FF838383" StrokeThickness="1" StrokeDashArray="1 0 " Background="#FFFFFFFF" Size="76;25" RotationAngle="0" Content="Customer 3" Foreground="#FF000000" BorderBrush="#FF838383" Thickness="0;0;0;0" FontSize="12" FontWeight="400" FontFamily="Segoe UI" Connectors="Auto:0.5;0.5,Left:0;0.5,Top:0.5;0,Right:1;0.5,Bottom:0.5;1," Geometry="M0.5,0.5L111.5,0.5 111.5,74.5 0.5,74.5z" QN="0" />
		<RadDiagramShape Type="Telerik.Windows.Controls.RadDiagramShape" Id="ff16abc9-4e49-498a-ac96-9b1010fdb2eb" ZIndex="1" Position="2465.26248168945;1118.83333333333" Stroke="#FF838383" StrokeThickness="1" StrokeDashArray="1 0 " Background="#FFFFFFFF" Size="76;25" RotationAngle="0" Content="Customer 4" Foreground="#FF000000" BorderBrush="#FF838383" Thickness="0;0;0;0" FontSize="12" FontWeight="400" FontFamily="Segoe UI" Connectors="Auto:0.5;0.5,Left:0;0.5,Top:0.5;0,Right:1;0.5,Bottom:0.5;1," Geometry="M0.5,0.5L111.5,0.5 111.5,74.5 0.5,74.5z" QN="0" />
		<RadDiagramShape Type="Telerik.Windows.Controls.RadDiagramShape" Id="e0cb2c93-2283-4338-a90f-480bc0ac3649" ZIndex="1" Position="2465.26248168945;1158.83333333333" Stroke="#FF838383" StrokeThickness="1" StrokeDashArray="1 0 " Background="#FFFFFFFF" Size="76;25" RotationAngle="0" Content="Customer 5" Foreground="#FF000000" BorderBrush="#FF838383" Thickness="0;0;0;0" FontSize="12" FontWeight="400" FontFamily="Segoe UI" Connectors="Auto:0.5;0.5,Left:0;0.5,Top:0.5;0,Right:1;0.5,Bottom:0.5;1," Geometry="M0.5,0.5L111.5,0.5 111.5,74.5 0.5,74.5z" QN="0" />
		<RadDiagramShape Type="Telerik.Windows.Controls.RadDiagramShape" Id="768bc995-05ae-4cd8-8a12-24f4de56fa12" ZIndex="-1" Position="1858;978.831890328883" Stroke="#FF838383" StrokeThickness="1" StrokeDashArray="1 0 " Background="#CCFFFFFF" Size="584.395815022787;355" RotationAngle="0" Foreground="#FF333333" BorderBrush="#FF838383" Thickness="0;0;0;0" FontSize="12" FontWeight="400" FontFamily="Segoe UI" Connectors="Auto:0.5;0.5,Left:0;0.5,Top:0.5;0,Right:1;0.5,Bottom:0.5;1," Geometry="M0.5,0.5L111.5,0.5 111.5,74.5 0.5,74.5z" QN="0" />
		<RadDiagramShape Type="Telerik.Windows.Controls.RadDiagramShape" Id="7f559e89-3eea-4cd6-8ee4-ba447fa7a08d" ZIndex="-1" Position="2445.26248168945;979" Stroke="#FF838383" StrokeThickness="1" StrokeDashArray="1 0 " Background="#CCFFFFFF" Size="230;355" RotationAngle="0" Foreground="#FF333333" BorderBrush="#FF838383" Thickness="0;0;0;0" FontSize="12" FontWeight="400" FontFamily="Segoe UI" Connectors="Auto:0.5;0.5,Left:0;0.5,Top:0.5;0,Right:1;0.5,Bottom:0.5;1," Geometry="M0.5,0.5L111.5,0.5 111.5,74.5 0.5,74.5z" QN="0" />
	</Shapes>
	<Connections QNs="Telerik.Windows.Controls.Diagrams, Version=2012.2.519.40, Culture=neutral, PublicKeyToken=5803cfa389c90ce7;">
		<RadDiagramConnection Type="Telerik.Windows.Controls.RadDiagramConnection" Id="3ab893ac-6e6d-4262-b7d5-aec7bdd9e79b" ZIndex="0" Position="1929.5;1029" Stroke="#FF86B243" StrokeThickness="2" StrokeDashArray="" Background="#FFD4F5A3" SourceConnectorPosition="Bottom" TargetConnectorPosition="Top" SourceCapType="None" TargetCapType="None" SourceCapSize="7;7" TargetCapSize="7;7" StartPoint="1930.5;1029" Source="5fb33f4f-46bb-4547-a2a5-f9c3e4ac5355" EndPoint="1929.5;1284" Target="e525236c-aad5-4ec8-8b8f-933d7e49836e" ConnectionType="Bezier" BezierTension="0.5" QN="0" />
		<RadDiagramConnection Type="Telerik.Windows.Controls.RadDiagramConnection" Id="10950d6c-f60f-4977-8b55-38ff5a00b5f1" ZIndex="0" Position="1930.5;1029" Stroke="#FF86B243" StrokeThickness="8" StrokeDashArray="" Background="#FFD4F5A3" SourceConnectorPosition="Bottom" TargetConnectorPosition="Top" SourceCapType="None" TargetCapType="None" SourceCapSize="7;7" TargetCapSize="7;7" StartPoint="1930.5;1029" Source="5fb33f4f-46bb-4547-a2a5-f9c3e4ac5355" EndPoint="2039.5;1284" Target="3c8cdf7e-6421-4dc5-a901-4149f7bfae5d" ConnectionType="Bezier" BezierTension="0.5" QN="0" />
		<RadDiagramConnection Type="Telerik.Windows.Controls.RadDiagramConnection" Id="6bb94d63-cca9-4a18-880c-23866eb330c2" ZIndex="0" Position="1930.5;1029" Stroke="#FF86B243" StrokeThickness="5" StrokeDashArray="" Background="#FFD4F5A3" SourceConnectorPosition="Top" TargetConnectorPosition="Bottom" SourceCapType="None" TargetCapType="None" SourceCapSize="7;7" TargetCapSize="7;7" StartPoint="2149.5;1284" Source="1ce3bc92-7baf-4a37-95c0-cc6770cbb33a" EndPoint="1930.5;1029" Target="5fb33f4f-46bb-4547-a2a5-f9c3e4ac5355" ConnectionType="Bezier" BezierTension="0.5" QN="0" />
		<RadDiagramConnection Type="Telerik.Windows.Controls.RadDiagramConnection" Id="74ebfa59-5468-4f17-a1dc-993c4d19cc96" ZIndex="0" Position="1930.5;1029" Stroke="#FF86B243" StrokeThickness="3" StrokeDashArray="" Background="#FFD4F5A3" SourceConnectorPosition="Top" TargetConnectorPosition="Bottom" SourceCapType="None" TargetCapType="None" SourceCapSize="7;7" TargetCapSize="7;7" StartPoint="2259.5;1284" Source="0b5b4eff-6293-49ab-9636-825214d130ed" EndPoint="1930.5;1029" Target="5fb33f4f-46bb-4547-a2a5-f9c3e4ac5355" ConnectionType="Bezier" BezierTension="0.5" QN="0" />
		<RadDiagramConnection Type="Telerik.Windows.Controls.RadDiagramConnection" Id="03fa367b-4373-4044-914b-10c074a8a14c" ZIndex="3" Position="2039.5;1029" Stroke="#FFE51E25" StrokeThickness="7" StrokeDashArray="" Background="#FFFFFFFF" SourceConnectorPosition="Bottom" TargetConnectorPosition="Top" SourceCapType="None" TargetCapType="None" SourceCapSize="7;7" TargetCapSize="7;7" StartPoint="2260.5;1029" Source="ba5adecc-1966-41d4-9ba9-60566ca53003" EndPoint="2039.5;1284" Target="3c8cdf7e-6421-4dc5-a901-4149f7bfae5d" ConnectionType="Bezier" BezierTension="0.5" QN="0" />
		<RadDiagramConnection Type="Telerik.Windows.Controls.RadDiagramConnection" Id="c429b752-acf6-4f83-b64a-ddd800a062cb" ZIndex="3" Position="2149.5;1029" Stroke="#FFE51E25" StrokeThickness="2" StrokeDashArray="" Background="#FFFFFFFF" SourceConnectorPosition="Bottom" TargetConnectorPosition="Top" SourceCapType="None" TargetCapType="None" SourceCapSize="7;7" TargetCapSize="7;7" StartPoint="2260.5;1029" Source="ba5adecc-1966-41d4-9ba9-60566ca53003" EndPoint="2149.5;1284" Target="1ce3bc92-7baf-4a37-95c0-cc6770cbb33a" ConnectionType="Bezier" BezierTension="0.5" QN="0" />
		<RadDiagramConnection Type="Telerik.Windows.Controls.RadDiagramConnection" Id="9bb884f7-9d7c-4279-a014-3d1710c385d2" ZIndex="2" Position="2149.5;1029" Stroke="#FF23A0DA" StrokeThickness="4" StrokeDashArray="" Background="#FFFFFFFF" SourceConnectorPosition="Top" TargetConnectorPosition="Bottom" SourceCapType="None" TargetCapType="None" SourceCapSize="7;7" TargetCapSize="7;7" StartPoint="2149.5;1284" Source="1ce3bc92-7baf-4a37-95c0-cc6770cbb33a" EndPoint="2150.5;1029" Target="fc6bb797-94b2-4869-be99-3d3bbe93960f" ConnectionType="Straight" QN="0" />
		<RadDiagramConnection Type="Telerik.Windows.Controls.RadDiagramConnection" Id="32922d45-208a-451f-b403-ccbe690d297d" ZIndex="2" Position="1929.5;1029" Stroke="#FF23A0DA" StrokeThickness="4" StrokeDashArray="" Background="#FFFFFFFF" SourceConnectorPosition="Top" TargetConnectorPosition="Bottom" SourceCapType="None" TargetCapType="None" SourceCapSize="7;7" TargetCapSize="7;7" StartPoint="1929.5;1284" Source="e525236c-aad5-4ec8-8b8f-933d7e49836e" EndPoint="2150.5;1029" Target="fc6bb797-94b2-4869-be99-3d3bbe93960f" ConnectionType="Bezier" BezierTension="0.5" QN="0" />
		<RadDiagramConnection Type="Telerik.Windows.Controls.RadDiagramConnection" Id="e82e368c-5df8-4547-b7c7-295450e73c29" ZIndex="1" Position="2040.5;1029" Stroke="#FF838383" StrokeThickness="4" StrokeDashArray="" Background="#FFFFFFFF" SourceConnectorPosition="Bottom" TargetConnectorPosition="Top" SourceCapType="None" TargetCapType="None" SourceCapSize="7;7" TargetCapSize="7;7" StartPoint="2040.5;1029" Source="66f585ec-26a9-4aa0-9dc4-af666523b8a4" EndPoint="2259.5;1284" Target="0b5b4eff-6293-49ab-9636-825214d130ed" ConnectionType="Bezier" BezierTension="0.5" QN="0" />
		<RadDiagramConnection Type="Telerik.Windows.Controls.RadDiagramConnection" Id="cd97c167-fd0c-47a3-a9e6-4b561e97d498" ZIndex="1" Position="2040.5;1029" Stroke="#FF838383" StrokeThickness="6" StrokeDashArray="" Background="#FFFFFFFF" SourceConnectorPosition="Bottom" TargetConnectorPosition="Top" SourceCapType="None" TargetCapType="None" SourceCapSize="7;7" TargetCapSize="7;7" StartPoint="2040.5;1029" Source="66f585ec-26a9-4aa0-9dc4-af666523b8a4" EndPoint="2149.5;1284" Target="1ce3bc92-7baf-4a37-95c0-cc6770cbb33a" ConnectionType="Bezier" BezierTension="0.5" QN="0" />
		<RadDiagramConnection Type="Telerik.Windows.Controls.RadDiagramConnection" Id="0434e01f-6653-45cf-acbb-1df479471f07" ZIndex="0" Position="2260.5;999" Stroke="#FF333333" StrokeThickness="1" StrokeDashArray="" Background="#FF333333" SourceConnectorPosition="Auto" TargetConnectorPosition="Auto" SourceCapType="None" TargetCapType="None" SourceCapSize="7;7" TargetCapSize="7;7" StartPoint="2260.5;999" Source="ba5adecc-1966-41d4-9ba9-60566ca53003" EndPoint="2260.5;999" Target="ba5adecc-1966-41d4-9ba9-60566ca53003" ConnectionType="Straight" QN="0" />
		<RadDiagramConnection Type="Telerik.Windows.Controls.RadDiagramConnection" Id="45bee80d-22bd-4325-8163-0be38ad318a3" ZIndex="0" Position="2260.5;999" Stroke="#FF333333" StrokeThickness="1" StrokeDashArray="" Background="#FF333333" SourceConnectorPosition="Auto" TargetConnectorPosition="Auto" SourceCapType="None" TargetCapType="None" SourceCapSize="7;7" TargetCapSize="7;7" StartPoint="2260.5;999" Source="ba5adecc-1966-41d4-9ba9-60566ca53003" EndPoint="2260.5;999" Target="ba5adecc-1966-41d4-9ba9-60566ca53003" ConnectionType="Straight" QN="0" />
		<RadDiagramConnection Type="Telerik.Windows.Controls.RadDiagramConnection" Id="99188db7-355a-40e1-a217-bb520fe13100" ZIndex="0" Position="2260.5;999" Stroke="#FF333333" StrokeThickness="1" StrokeDashArray="" Background="#FF333333" SourceConnectorPosition="Auto" TargetConnectorPosition="Auto" SourceCapType="None" TargetCapType="None" SourceCapSize="7;7" TargetCapSize="7;7" StartPoint="2260.5;999" Source="ba5adecc-1966-41d4-9ba9-60566ca53003" EndPoint="2260.5;999" Target="ba5adecc-1966-41d4-9ba9-60566ca53003" ConnectionType="Straight" QN="0" />
		<RadDiagramConnection Type="Telerik.Windows.Controls.RadDiagramConnection" Id="65819224-e2ae-416f-bed9-4eb0dc462cf6" ZIndex="0" Position="2260.5;999" Stroke="#FF333333" StrokeThickness="1" StrokeDashArray="" Background="#FF333333" SourceConnectorPosition="Auto" TargetConnectorPosition="Auto" SourceCapType="None" TargetCapType="None" SourceCapSize="7;7" TargetCapSize="7;7" StartPoint="2260.5;999" Source="ba5adecc-1966-41d4-9ba9-60566ca53003" EndPoint="2260.5;999" Target="ba5adecc-1966-41d4-9ba9-60566ca53003" ConnectionType="Straight" QN="0" />
		<RadDiagramConnection Type="Telerik.Windows.Controls.RadDiagramConnection" Id="06b374bf-d92b-4f76-8a9f-73882ea734f3" ZIndex="2" Position="2259.5;1029" Stroke="#FFE51E25" StrokeThickness="4" StrokeDashArray="" Background="#FFFFFFFF" SourceConnectorPosition="Bottom" TargetConnectorPosition="Top" SourceCapType="None" TargetCapType="None" SourceCapSize="7;7" TargetCapSize="7;7" StartPoint="2260.5;1029" Source="ba5adecc-1966-41d4-9ba9-60566ca53003" EndPoint="2259.5;1284" Target="0b5b4eff-6293-49ab-9636-825214d130ed" ConnectionType="Bezier" BezierTension="0.5" QN="0" />
		<RadDiagramConnection Type="Telerik.Windows.Controls.RadDiagramConnection" Id="cba5429d-4787-4d6b-8ec0-5bcf051b08ce" ZIndex="1" Position="2150.5;1029" Stroke="#FF23A0DA" StrokeThickness="5" StrokeDashArray="" Background="#FFFFFFFF" SourceConnectorPosition="Bottom" TargetConnectorPosition="Top" SourceCapType="None" TargetCapType="None" SourceCapSize="7;7" TargetCapSize="7;7" StartPoint="2150.5;1029" Source="fc6bb797-94b2-4869-be99-3d3bbe93960f" EndPoint="2369.5;1284" Target="e3fa8f15-9d83-4896-bfaf-143d854dc3b4" ConnectionType="Bezier" BezierTension="0.5" QN="0" />
		<RadDiagramConnection Type="Telerik.Windows.Controls.RadDiagramConnection" Id="508b8476-d981-445d-9bfd-59d09e4db563" ZIndex="2" Position="2369.5;1029" Stroke="#FF15ACA9" StrokeThickness="4" StrokeDashArray="" Background="#FFFFFFFF" SourceConnectorPosition="Bottom" TargetConnectorPosition="Top" SourceCapType="None" TargetCapType="None" SourceCapSize="7;7" TargetCapSize="7;7" StartPoint="2370.5;1029" Source="403ae9af-80ae-4093-8b0d-fc9e1aaf8144" EndPoint="2369.5;1284" Target="e3fa8f15-9d83-4896-bfaf-143d854dc3b4" ConnectionType="Bezier" BezierTension="0.5" QN="0" />
		<RadDiagramConnection Type="Telerik.Windows.Controls.RadDiagramConnection" Id="fc082745-27db-44a9-8158-3401bbf499cb" ZIndex="1" Position="2260.5;1029" Stroke="#FFE51E25" StrokeThickness="2" StrokeDashArray="" Background="#FFFFFFFF" SourceConnectorPosition="Top" TargetConnectorPosition="Bottom" SourceCapType="None" TargetCapType="None" SourceCapSize="7;7" TargetCapSize="7;7" StartPoint="2369.5;1284" Source="e3fa8f15-9d83-4896-bfaf-143d854dc3b4" EndPoint="2260.5;1029" Target="ba5adecc-1966-41d4-9ba9-60566ca53003" ConnectionType="Bezier" BezierTension="0.5" QN="0" />
		<RadDiagramConnection Type="Telerik.Windows.Controls.RadDiagramConnection" Id="2a0cbb7f-932c-413c-a82a-5373806b913c" ZIndex="2" Position="2259.5;1029" Stroke="#FF15ACA9" StrokeThickness="8" StrokeDashArray="" Background="#FFFFFFFF" SourceConnectorPosition="Bottom" TargetConnectorPosition="Top" SourceCapType="None" TargetCapType="None" SourceCapSize="7;7" TargetCapSize="7;7" StartPoint="2370.5;1029" Source="403ae9af-80ae-4093-8b0d-fc9e1aaf8144" EndPoint="2259.5;1284" Target="0b5b4eff-6293-49ab-9636-825214d130ed" ConnectionType="Bezier" BezierTension="0.5" QN="0" />
		<RadDiagramConnection Type="Telerik.Windows.Controls.RadDiagramConnection" Id="9a61f353-573f-42b4-9853-ebb8264be105" ZIndex="0" Position="2150.5;999" Stroke="#FF333333" StrokeThickness="1" StrokeDashArray="" Background="#FF333333" SourceConnectorPosition="Auto" TargetConnectorPosition="Auto" SourceCapType="None" TargetCapType="None" SourceCapSize="7;7" TargetCapSize="7;7" StartPoint="2150.5;999" Source="fc6bb797-94b2-4869-be99-3d3bbe93960f" EndPoint="2150.5;999" Target="fc6bb797-94b2-4869-be99-3d3bbe93960f" ConnectionType="Straight" QN="0" />
		<RadDiagramConnection Type="Telerik.Windows.Controls.RadDiagramConnection" Id="4c668fb2-bf89-470a-a6f2-127edf9cc414" ZIndex="0" Position="2150.5;999" Stroke="#FF333333" StrokeThickness="1" StrokeDashArray="" Background="#FF333333" SourceConnectorPosition="Auto" TargetConnectorPosition="Auto" SourceCapType="None" TargetCapType="None" SourceCapSize="7;7" TargetCapSize="7;7" StartPoint="2150.5;999" Source="fc6bb797-94b2-4869-be99-3d3bbe93960f" EndPoint="2150.5;999" Target="fc6bb797-94b2-4869-be99-3d3bbe93960f" ConnectionType="Straight" QN="0" />
		<RadDiagramConnection Type="Telerik.Windows.Controls.RadDiagramConnection" Id="c5205990-2e7e-44a0-ac24-2d3a69705e04" ZIndex="1" Position="2039.5;1029" Stroke="#FF838383" StrokeThickness="2" StrokeDashArray="" Background="#FFFFFFFF" SourceConnectorPosition="Bottom" TargetConnectorPosition="Top" SourceCapType="None" TargetCapType="None" SourceCapSize="7;7" TargetCapSize="7;7" StartPoint="2040.5;1029" Source="66f585ec-26a9-4aa0-9dc4-af666523b8a4" EndPoint="2039.5;1284" Target="3c8cdf7e-6421-4dc5-a901-4149f7bfae5d" ConnectionType="Bezier" BezierTension="0.5" QN="0" />
		<RadDiagramConnection Type="Telerik.Windows.Controls.RadDiagramConnection" Id="4219b6f2-8cd0-4a15-833c-2c433b59b0b0" ZIndex="0" Position="1930.5;1029" Stroke="#FF8BC03F" StrokeThickness="2" StrokeDashArray="" Background="#FFFFFFFF" SourceConnectorPosition="Bottom" TargetConnectorPosition="Top" SourceCapType="None" TargetCapType="None" SourceCapSize="7;7" TargetCapSize="7;7" StartPoint="1930.5;1029" Source="5fb33f4f-46bb-4547-a2a5-f9c3e4ac5355" EndPoint="2369.5;1284" Target="e3fa8f15-9d83-4896-bfaf-143d854dc3b4" ConnectionType="Bezier" BezierTension="0.5" QN="0" />
		<RadDiagramConnection Type="Telerik.Windows.Controls.RadDiagramConnection" Id="4e73b69d-25a7-414f-bae3-251425eb1425" ZIndex="3" Position="2149.5;1029" Stroke="#FF15ACA9" StrokeThickness="2" StrokeDashArray="" Background="#FFFFFFFF" SourceConnectorPosition="Bottom" TargetConnectorPosition="Top" SourceCapType="None" TargetCapType="None" SourceCapSize="7;7" TargetCapSize="7;7" StartPoint="2370.5;1029" Source="403ae9af-80ae-4093-8b0d-fc9e1aaf8144" EndPoint="2149.5;1284" Target="1ce3bc92-7baf-4a37-95c0-cc6770cbb33a" ConnectionType="Bezier" BezierTension="0.5" QN="0" />
		<RadDiagramConnection Type="Telerik.Windows.Controls.RadDiagramConnection" Id="112e1efe-9c89-409a-bf24-1f5e3f1e167f" ZIndex="0" Position="2598.84828592945;1091.4028860089" Stroke="#FF333333" StrokeThickness="1" StrokeDashArray="" Background="#FF333333" SourceConnectorPosition="Auto" TargetConnectorPosition="Auto" SourceCapType="None" TargetCapType="None" SourceCapSize="7;7" TargetCapSize="7;7" StartPoint="2598.84828592945;1091.4028860089" Source="a3ab200b-453d-4efa-b047-d1d43dd392e5" EndPoint="2598.84828592945;1091.4028860089" Target="a3ab200b-453d-4efa-b047-d1d43dd392e5" ConnectionType="Straight" QN="0" />
		<RadDiagramConnection Type="Telerik.Windows.Controls.RadDiagramConnection" Id="8a673b3a-cf79-4f5f-acaf-b2435083cc92" ZIndex="0" Position="2598.84828592945;1091.4028860089" Stroke="#FF333333" StrokeThickness="1" StrokeDashArray="" Background="#FF333333" SourceConnectorPosition="Auto" TargetConnectorPosition="Auto" SourceCapType="None" TargetCapType="None" SourceCapSize="7;7" TargetCapSize="7;7" StartPoint="2598.84828592945;1091.4028860089" Source="a3ab200b-453d-4efa-b047-d1d43dd392e5" EndPoint="2598.84828592945;1091.4028860089" Target="a3ab200b-453d-4efa-b047-d1d43dd392e5" ConnectionType="Straight" QN="0" />
	</Connections>
</RadDiagram>